,Well,Fluor,Target,Content,Sample,End RFU,Call,Sample Type,CallType,Is Control
,A01,SYBR,16S,Std,Ana,1786.41406236276,,Standard,Unassigned,False
,A02,SYBR,,Unkn,S_HC,1652.76545941357,,Unknown,Unassigned,False
,A03,SYBR,,Unkn,S_DS,1751.02969914089,,Unknown,Unassigned,False
,A04,SYBR,,Unkn,S_PF,1.91964911842033,,Unknown,Unassigned,False
,A05,SYBR,,Unkn,L_NC,1400.29660458721,,Unknown,Unassigned,False
,A06,SYBR,,Unkn,L_AV,1478.05583728759,,Unknown,Unassigned,False
,A07,SYBR,,Unkn,L_TA,1824.04123501196,,Unknown,Unassigned,False
,A08,SYBR,,Unkn,G_HC,1556.7377595709,,Unknown,Unassigned,False
,A09,SYBR,,Unkn,G_DS,1553.06512793391,,Unknown,Unassigned,False
,A10,SYBR,,Unkn,G_PF,221.756681118098,,Unknown,Unassigned,False
,A11,SYBR,,Unkn,L_TA,1650.88807114276,,Unknown,Unassigned,False
,A12,SYBR,,Unkn,NTC,656.587975220032,,Unknown,Unassigned,False
,B01,SYBR,16S,Std,Ana,852.151717433544,,Standard,Unassigned,False
,B02,SYBR,,Unkn,S_HC,1170.29741274069,,Unknown,Unassigned,False
,B03,SYBR,,Unkn,S_DS,1007.58790067422,,Unknown,Unassigned,False
,B04,SYBR,,Unkn,S_PF,1798.88325923372,,Unknown,Unassigned,False
,B05,SYBR,,Unkn,L_NC,1572.19155377484,,Unknown,Unassigned,False
,B06,SYBR,,Unkn,L_AV,1608.70971398963,,Unknown,Unassigned,False
,B07,SYBR,,Unkn,L_TA,1537.92336951284,,Unknown,Unassigned,False
,B08,SYBR,,Unkn,G_HC,1845.44362679698,,Unknown,Unassigned,False
,B09,SYBR,,Unkn,G_DS,1725.64310910508,,Unknown,Unassigned,False
,B10,SYBR,,Unkn,G_PF,110.507910856095,,Unknown,Unassigned,False
,B11,SYBR,,Unkn,L_TA,27.8277157091216,,Unknown,Unassigned,False
,B12,SYBR,,Unkn,NTC,761.784706609647,,Unknown,Unassigned,False
,C01,SYBR,16S,Std,Ana,829.497774139544,,Standard,Unassigned,False
,C02,SYBR,,Unkn,S_HC,25.3763650636355,,Unknown,Unassigned,False
,C03,SYBR,,Unkn,S_DS,1211.89024976649,,Unknown,Unassigned,False
,C04,SYBR,,Unkn,S_PF,0.655015249313783,,Unknown,Unassigned,False
,C05,SYBR,,Unkn,L_NC,1544.68488845164,,Unknown,Unassigned,False
,C06,SYBR,,Unkn,L_AV,32.5652129100355,,Unknown,Unassigned,False
,C07,SYBR,,Unkn,L_TA,1815.01500079953,,Unknown,Unassigned,False
,C08,SYBR,,Unkn,G_HC,1737.19217433501,,Unknown,Unassigned,False
,C09,SYBR,,Unkn,G_DS,1683.61880686239,,Unknown,Unassigned,False
,C10,SYBR,,Unkn,G_PF,1606.05041426625,,Unknown,Unassigned,False
,C11,SYBR,,Unkn,,-1.02717904727597,,Unknown,Unassigned,False
,C12,SYBR,,Unkn,,-0.956126941953517,,Unknown,Unassigned,False
,D01,SYBR,16S,Std,Ana,1150.49223049752,,Standard,Unassigned,False
,D02,SYBR,,Unkn,S_HC,44.0391568424902,,Unknown,Unassigned,False
,D03,SYBR,,Unkn,S_DS,0.125696076983968,,Unknown,Unassigned,False
,D04,SYBR,,Unkn,S_PF,1622.32176017812,,Unknown,Unassigned,False
,D05,SYBR,,Unkn,L_NC,1625.14725209375,,Unknown,Unassigned,False
,D06,SYBR,,Unkn,L_AV,1379.81754925249,,Unknown,Unassigned,False
,D07,SYBR,,Unkn,L_TA,1460.5706347252,,Unknown,Unassigned,False
,D08,SYBR,,Unkn,G_HC,1300.52590411032,,Unknown,Unassigned,False
,D09,SYBR,,Unkn,G_DS,1718.28529446436,,Unknown,Unassigned,False
,D10,SYBR,,Unkn,G_PF,1349.13500188503,,Unknown,Unassigned,False
,D11,SYBR,,Unkn,,-1.05914585503342,,Unknown,Unassigned,False
,D12,SYBR,,Unkn,,-1.01822250019231,,Unknown,Unassigned,False
,E01,SYBR,16S,Std,Ana,672.716893612365,,Standard,Unassigned,False
,E02,SYBR,,Unkn,S_HC,760.681050987436,,Unknown,Unassigned,False
,E03,SYBR,,Unkn,S_DS,717.093223997522,,Unknown,Unassigned,False
,E04,SYBR,,Unkn,S_PF,-0.800493046136398,,Unknown,Unassigned,False
,E05,SYBR,,Unkn,L_NC,1174.7789661523,,Unknown,Unassigned,False
,E06,SYBR,,Unkn,L_AV,1591.79580686685,,Unknown,Unassigned,False
,E07,SYBR,,Unkn,L_TA,1705.48346640673,,Unknown,Unassigned,False
,E08,SYBR,,Unkn,G_HC,2050.32109705013,,Unknown,Unassigned,False
,E09,SYBR,,Unkn,G_DS,2031.0841581041,,Unknown,Unassigned,False
,E10,SYBR,,Unkn,G_PF,1543.80777410406,,Unknown,Unassigned,False
,E11,SYBR,,Unkn,,-1.68189912829521,,Unknown,Unassigned,False
,E12,SYBR,,Unkn,,-1.54210534004806,,Unknown,Unassigned,False
,F01,SYBR,16S,Std,Ana,2061.76800936643,,Standard,Unassigned,False
,F02,SYBR,,Unkn,S_HC,1943.33198893051,,Unknown,Unassigned,False
,F03,SYBR,,Unkn,S_DS,1090.4174336001,,Unknown,Unassigned,False
,F04,SYBR,,Unkn,S_PF,1.08539762534674,,Unknown,Unassigned,False
,F05,SYBR,,Unkn,L_NC,1757.36217770442,,Unknown,Unassigned,False
,F06,SYBR,,Unkn,L_AV,1816.45975738439,,Unknown,Unassigned,False
,F07,SYBR,,Unkn,L_TA,1883.88968712424,,Unknown,Unassigned,False
,F08,SYBR,,Unkn,G_HC,1944.55586682642,,Unknown,Unassigned,False
,F09,SYBR,,Unkn,G_DS,1644.24998564923,,Unknown,Unassigned,False
,F10,SYBR,,Unkn,G_PF,0.067139017556201,,Unknown,Unassigned,False
,F11,SYBR,,Unkn,,-0.974378055699617,,Unknown,Unassigned,False
,F12,SYBR,,Unkn,,-1.55735380573733,,Unknown,Unassigned,False
,G01,SYBR,16S,Std,Ana,2126.10985220925,,Standard,Unassigned,False
,G02,SYBR,,Unkn,S_HC,1787.94783061107,,Unknown,Unassigned,False
,G03,SYBR,,Unkn,S_DS,1605.94668009921,,Unknown,Unassigned,False
,G04,SYBR,,Unkn,S_PF,7.58197398888615,,Unknown,Unassigned,False
,G05,SYBR,,Unkn,L_NC,1429.34432967632,,Unknown,Unassigned,False
,G06,SYBR,,Unkn,L_AV,1765.20054063418,,Unknown,Unassigned,False
,G07,SYBR,,Unkn,L_TA,2012.84674319759,,Unknown,Unassigned,False
,G08,SYBR,,Unkn,G_HC,2075.60371860501,,Unknown,Unassigned,False
,G09,SYBR,,Unkn,G_DS,2038.73541126122,,Unknown,Unassigned,False
,G10,SYBR,,Unkn,G_PF,0.327883528410621,,Unknown,Unassigned,False
,G11,SYBR,,Unkn,,-2.34620153020533,,Unknown,Unassigned,False
,G12,SYBR,,Unkn,,-1.38471428982493,,Unknown,Unassigned,False
,H01,SYBR,16S,Std,Ana,2033.22189520052,,Standard,Unassigned,False
,H02,SYBR,,Unkn,S_HC,1584.9401430506,,Unknown,Unassigned,False
,H03,SYBR,,Unkn,S_DS,1354.86486410569,,Unknown,Unassigned,False
,H04,SYBR,,Unkn,S_PF,-1.44417979203718,,Unknown,Unassigned,False
,H05,SYBR,,Unkn,L_NC,1533.00092856291,,Unknown,Unassigned,False
,H06,SYBR,,Unkn,L_AV,1671.70777239833,,Unknown,Unassigned,False
,H07,SYBR,,Unkn,L_TA,1848.78732612231,,Unknown,Unassigned,False
,H08,SYBR,,Unkn,G_HC,1602.32520298307,,Unknown,Unassigned,False
,H09,SYBR,,Unkn,G_DS,1467.18164768145,,Unknown,Unassigned,False
,H10,SYBR,,Unkn,G_PF,1400.29941291276,,Unknown,Unassigned,False
,H11,SYBR,,Unkn,,-1.62889932621538,,Unknown,Unassigned,False
,H12,SYBR,,Unkn,,-0.318850493614718,,Unknown,Unassigned,False
