,Cycle,A1,A2,A3,A4,A5,A6,A7,A8,A9,A10,A11,A12,B1,B2,B3,B4,B5,B6,B7,B8,B9,B10,B11,B12,C1,C2,C3,C4,C5,C6,C7,C8,C9,C10,C11,C12,D1,D2,D3,D4,D5,D6,D7,D8,D9,D10,D11,D12,E1,E2,E3,E4,E5,E6,E7,E8,E9,E10,E11,E12,F1,F2,F3,F4,F5,F6,F7,F8,F9,F10,F11,F12,G1,G2,G3,G4,G5,G6,G7,G8,G9,G10,G11,G12,H1,H2,H3,H4,H5,H6,H7,H8,H9,H10,H11,H12
,1,-7.85367088625344,-19.4191627858768,-25.0170751766832,-0.895394313206907,1.01078139925949,-26.6788389426929,-0.534157761528604,-22.2160573375231,-23.6646659905673,-37.6739605823936,-25.5161274667344,-5.92193221942534,1.98262783154269,-15.4572159732429,-5.89197552617998,-4.10160284757876,-12.4050757301625,-8.49876961254586,-28.352934189093,-11.0060743120252,-7.53562771898078,9.0392003155348,-19.1469038100495,-5.44981788189716,-2.40798777937653,-25.7869052996775,-3.96017132761745,-2.66133206514223,-16.7191925537413,-18.0523204259061,-11.9324930016073,-13.1684339640151,-13.1886797917045,-9.53109605209647,-5.0441641529319,-1.02535623605399,0.172536926250359,-8.19101805546234,1.8884525694225,-5.27228068961722,-10.8030880173123,-9.46699948317155,-12.7562270266912,-15.6503908119007,-15.6813642125658,3.62772757351922,-1.13645248261946,-4.30085134350202,-0.168685316673873,-7.56486106738157,5.15980377665801,-16.7916720528651,-19.8870971994024,-17.5644491808293,-31.9201329487123,-9.68307019610938,-17.9656549010551,-7.55495773148459,-3.38277854896251,0.418795810057418,0.556999554479262,-2.81753560576954,-4.52667702950021,0.397687568750371,-23.7452169035855,-12.2933619191454,-17.6167292854425,-10.6349872127798,-9.31620586374038,-1.46976530172105,-3.16793160299221,-1.67967879086063,5.04636218230371,0.240286830509376,-2.58146384030852,-13.0874273645036,-36.3315993388878,-21.1836855608149,-9.49797080129656,-9.78771034074498,-2.73497879513843,-16.1504743253149,1.24752060207038,-0.324695632479234,-42.9330414645301,-1.41744799838443,-0.881176681521083,6.4354556815947,-3.93895564447257,-25.4549081073646,-13.6188235801128,-18.1131836013778,-11.1471282760613,-7.56264522767879,-0.132888607467976,-1.98553124534328
,2,1.37475865422857,-12.3864765058956,-6.82116550530827,-2.09508020391831,4.74371307406636,-8.22163426100678,0.605322009073461,-16.5788408834937,-11.6117901644325,-40.2132948321191,-11.4523068295671,-2.41416545081711,0.270292879277804,-9.52309523101849,-2.99040569650197,-0.619217172252775,-11.9337018130041,-7.55362501880609,-18.3135953140027,-6.76543506630424,-0.419598688522001,5.25320137513563,-7.2071558186617,-4.69409763886733,-1.59682891184184,-15.2835562744281,0.288269370719718,-3.0442836131856,-10.8468530864825,-11.4372872253116,-4.42731720702932,-6.01513228363137,-7.42367400408557,-6.33815072003972,-2.53273702261595,-1.44800942873735,2.49095316094963,-10.7550128994826,-1.26173839807188,-3.45457088825924,-5.62373787455635,-10.5165522699995,-13.7381357087825,-6.77206554634176,-12.3797357096787,0.310262432732088,-0.269058143869643,-1.89008024301893,5.32690650474478,-0.661687825037916,2.95964046398876,-11.4450365436769,-12.0369024818892,-11.9875892561831,-22.3606329286772,-9.1375158888045,-11.2511342983721,-3.19406869742625,1.45289924574081,-1.3952783648474,24.2439662870815,-1.05548935463048,-2.0594390391725,3.5384791355259,-18.8965993059232,-5.53926488162597,-9.87146854084403,-5.82170507723413,-2.17376098679051,1.13682170469065,0.168115944319197,-0.877949576091851,45.9511036977278,1.41381666911502,2.20267216892671,-7.61836489412235,-18.9698327276774,-9.76282936957432,-3.44974571552802,-5.3605752122121,-2.4614991206513,-8.51432004998242,-2.23647953439968,-2.20253131407935,-7.52480922777659,0.611867700119092,1.00915100681277,4.43865126888613,-0.292963072258772,-11.3697782846079,-8.10832146512166,-11.7854245330232,-7.67439331801779,-5.95012204847899,-3.74157528481237,-2.21367908958791
,3,0.557378803089705,-8.76960923442857,-3.02261543441546,-2.27699592129875,1.58294741682357,-2.47162210441229,1.97450877763913,-7.38055840942297,-5.57961719909508,-42.6258314952661,-1.3382345559221,-3.91862064339648,2.71667036104191,-6.04464640647939,2.30840269903183,-2.11294755109157,-6.3612938202682,-2.93773499550889,-13.4489442834342,-3.75452964240549,-0.00548027815193564,1.66759179903192,-4.99999068374336,-3.0647284761103,0.313149396135941,-11.5857175369906,1.49501411735082,-2.38690872192819,-5.46273207564809,-7.37537782165691,-2.76495030548767,-5.42014056188009,-3.50279509867187,0.254246890863215,2.98461010445999,-2.113980365712,-2.20178270365022,-5.61720065683585,1.15865239163395,-0.566390412700912,-3.16713212356126,-6.22516969413618,-7.40627156556502,-5.71261691654718,-5.43518445433301,1.74468700696616,-0.417378352949981,-2.22345240314189,5.48080219499798,0.822482831819343,0.871944119977798,-6.85789152219195,-10.9157181042638,-5.44859029501367,-16.0381251439344,-3.94394759990337,-7.95681009203508,-6.27570532411437,-3.59459004810833,-1.36184231640982,47.1332850580734,-0.647760671418837,0.0870464494246335,-0.439414522989409,-7.34423555089461,-1.49170769293414,-2.53308911559861,-1.57596980580684,-3.96962313959875,1.55715000816599,-0.742626129503606,-3.06079193425694,75.8770891895747,2.19749624461292,-0.0746315735227654,-5.8080234502354,-9.35851837430846,-6.31774702007169,-3.123362707252,-0.447440837400791,-0.0811373514184197,-6.06465453282863,-3.32435133936633,-2.64916214751293,13.4005754507089,-1.52683703854791,2.523688046394,1.39151607324584,-0.791668175832456,-3.16133525393161,-3.39575539495991,-6.07723919851924,0.222376694280683,-0.184643517275617,-1.85339894856634,-1.4217569317766
,4,3.02197614264696,-3.46564283066709,0.0785482008686813,-2.15689718588919,1.83475705029286,0.658436266989156,2.21099142514822,-3.31826458626165,-2.65252022113464,-41.4080829394561,0.45852783476812,-0.966270426114988,1.57089862661087,-2.20448295413553,-1.36318212710967,-0.808448776914702,-2.78838808877936,-2.61145256107511,-6.16330037963462,2.71636327036913,-0.642879298758544,2.58094554514673,-3.3216521511431,-0.741317575635094,1.82909959795552,-10.9352025646422,0.18787581755123,-1.60650810643256,-2.20809466198489,-2.93779988891038,1.40907050197893,-4.87982872632256,-3.16720169919654,0.032716453627927,-0.695894071114253,-0.272512201200243,4.93742372169663,-4.06825350001373,-1.33976914747063,0.756917997750861,-1.51715443443527,-1.8688568719931,-2.74041528128237,-2.0525884458807,-0.369088377038679,1.30377777292961,-2.44155711757776,-2.02525261330356,4.54204547503741,-1.08077987564866,-2.86281693331466,-5.49116432426035,-5.9275467373277,-1.5693907733471,-9.3447817954484,1.515821452208,-1.24323650994666,-0.301489222141754,0.634495258510469,-0.930235650512714,62.3338088735836,0.367258385718287,1.73529312360597,4.04026414143982,-1.13058805977971,0.74532967016512,3.4133574645798,0.55719186702936,-1.46639635460224,-0.891740385291087,-0.333788406266649,0.760614504682053,104.876019884931,-1.90586336188971,-2.29649861515782,-4.50706134238362,-4.42167730274059,-0.0828080290598336,0.141199798036268,1.66040197177517,-2.09860598905652,-2.3562649206574,-2.43013086366364,0.552855849040952,21.4550804129422,3.47893308786342,0.280442773967934,2.0317017473908,-1.53726325920252,3.01219592815232,0.830902663284178,0.283001219918333,1.63894308519821,1.62419690497154,-0.895831961995555,-2.18835072804222
,5,1.17495843311735,0.436061019637236,0.725175659608794,0.511247200521666,3.70091366837369,0.586955386379032,0.400289055804024,1.29742420895809,3.89363128206014,-8.49289195955225,-2.84041073782009,1.73635232010383,0.539258047376734,-3.19798425559657,-1.28861054023264,-0.690701113944215,-1.55830690269704,2.08662781818839,0.725573997756783,1.64391666347092,2.53252735572232,0.349403497248659,-2.42518144558699,1.34657715666162,1.28588062040717,-1.2631798512416,-0.889053835337563,-1.44706417344878,3.76874486489669,-1.69674721302999,-1.24922878920779,2.44847050262615,1.34645876061495,-1.29761696907281,1.7737058673606,1.07056112173495,-1.28540150441086,0.179522507950878,-2.27915469510526,-0.964280416596466,1.51270906876698,1.36139518377331,2.67894285781358,2.59871538796688,-0.281298999277169,2.0398749860974,0.880469751525197,1.1590001354698,8.01094835933918,0.552541282186667,0.925198426870338,-3.0782196187447,-1.67356463435226,-0.680413690512069,0.310632012915448,2.39233073992409,-1.70107472285235,-0.415046074326256,-1.83475653941741,2.06079730823785,80.291035294676,-1.19100821084112,-1.80785525304373,2.57552755012421,2.36313094747629,2.9657196965527,3.9208460960599,1.80398388561298,-0.948802954016628,-0.750875957286553,1.26114026589948,-0.346203028984746,132.201704541791,-4.98408930646792,0.644369720862869,0.87519538057677,3.03579453803604,1.97278251074431,3.00646342612572,0.672243090790744,2.32330666546977,2.8860533616571,2.5025784015088,-0.834362103654257,22.6578361228699,2.31338603502445,1.8252791858431,6.85413763936185,-2.07510741883107,4.39505004883722,0.685977927954355,-0.838355802201932,1.31333188171129,0.438670304897641,-0.895291311310302,0.7742933278696
,6,1.25681936072033,4.66555392247346,-1.17267887520302,5.31434985030728,-0.181289065889814,1.32280261297819,2.56517209269123,1.55956624223472,4.39692371564661,17.5843223585584,-1.130524551897,1.54551078819031,4.78267837021394,3.5438564399924,1.27183469975489,1.07942745007085,1.94892449117697,2.05054488407586,1.83860556062109,0.937887171402508,2.25167513809038,1.14681205159695,2.02183338079703,0.603059026544543,1.27082198146309,-0.708536740417912,1.72789496623591,0.765840507950088,5.89476298256795,1.81443957699548,3.9680928234493,-1.06042604093273,2.96489261298348,0.0103510462313352,0.691680023091067,-0.0171903062473575,1.10094637917518,-1.45302300991807,2.23604791768685,1.99651577591294,5.99775960458055,2.98014639389794,3.16058656896757,-1.30633227755834,5.10783254487751,-1.64739112995812,-0.8093231751036,-1.71766257574109,6.93100244609514,1.66503549138042,-1.4845144884207,-0.911287446581355,1.79453556324825,-0.328242907446111,7.3123015047895,5.03724083500038,4.71113722963764,1.15097290618178,-0.677376402219124,-1.07646134237848,93.6261047686326,-1.62516195103399,-1.20958855906156,-1.38531977833145,2.94559796072053,3.71352321350287,2.01034952348027,3.37757084992336,0.543784463205157,1.57265414292715,-2.22227888327825,-0.00414266173311262,156.805365684622,1.51303589627014,4.69523363030112,0.84106957258382,-1.7580050002407,0.973827118226836,-0.0431619154155669,0.267438079356907,1.78642426129773,0.755900631766508,-1.12356003807508,-1.49103031949653,18.2762155261607,-1.64898034344924,-1.11509393817641,3.4302305798019,1.29935285736246,2.63617861988314,4.7999816837405,3.10978670502755,1.69964610373654,2.28944365392636,2.15396360240084,-0.348409907694077
,7,0.706775911271961,5.49283360887193,2.08744386190892,1.884166966468,0.244472065158334,3.18045132766383,-1.41820511235392,4.044160946587,1.8795068715649,22.3168743963774,-0.959926201003782,0.684540439571265,1.39272610456601,7.686521218905,1.51024078935552,5.57691323522613,5.42222430663287,5.63545272529791,4.99178797008562,1.58781757221323,1.25469148992261,0.920953943576478,6.20417196888229,2.93564662377412,2.94418691116971,-0.0951045306364904,-0.959369297634112,1.41920361131133,5.51935677750907,5.87157946809702,4.74277852099567,6.01983464839259,5.25252108144878,1.2744402666799,-1.10945933593212,2.2801887075284,-1.06762910496627,3.00625973033311,-0.472153431648621,2.23198424929888,3.38513595882978,4.51384987171559,1.46750720776663,4.33471556644326,3.04023233551106,1.44056742304292,1.27209690562404,-0.611529479435831,6.87633566240947,0.344774186766699,2.5142117961459,3.33000600837431,1.49410455031693,7.38672044692703,9.89437236492267,1.58787621522924,5.87512707326596,3.77532301739575,2.29122596692514,-1.48724038406681,107.248971857239,-0.980763210864552,-0.438042320231489,-0.73426948268343,1.64635010489428,1.6493320043628,0.556435854492975,1.83755550830756,2.67441270787504,-0.0183728371175675,-1.87280171501061,-1.60937153130499,179.830565187397,3.15519644355936,2.9112840614639,0.126587153808487,7.7461525814233,5.00815410434461,4.43144316984944,4.26578531628729,1.94124932437853,2.94801324290756,0.0655223335465962,0.286800406918701,17.1932894661109,0.282215745653048,-1.50982869133941,1.06057232216108,-3.45945468844548,6.39503536790835,1.8442987735184,4.44076295898549,-0.664808854646253,1.45918660728739,2.3949221988064,-1.61379706109983
,8,0.568921156952911,8.02481595905556,2.70791745305132,1.52619621367421,0.457190914585226,1.28446649878606,0.0712419688493355,7.77922653055202,3.2604279243983,19.557765643367,2.7067327639711,0.470645918694572,1.55183180166887,6.87979669739252,3.86162589435207,2.75371779737225,6.02495502620286,7.80514051498994,5.28852566762589,5.88966960067592,2.30312275645792,5.27733736358323,5.46383340182319,-2.53346552298081,1.78166023435551,5.79935744359545,2.40264334161702,-0.817377699355802,7.6418407595238,3.08455624326507,5.64142765093538,6.11536168366001,6.75051905000146,-0.345670078741932,1.28901665744024,-0.530914148207103,-1.028853589356,3.55031741731227,-0.521263332098442,0.236798341403755,0.816883158222026,4.70571879000317,6.18440386779093,3.23708118509512,4.54081479209981,2.4327632890695,1.07244956752629,-1.4235228930047,4.29621726521827,1.33108704450115,3.19646493070695,-2.87913570180717,4.20885920169394,4.75174456358809,13.9275355685827,1.62834781672109,6.29284431759015,3.11320479038068,0.402426121985172,1.06843891430981,120.608035313386,2.91037491945281,5.87899012119715,-2.58671288998221,6.3866191977454,5.30773875497061,5.10270163207451,2.57861926208261,4.58542810086556,-1.68874609123895,-2.90196441882017,-1.88886233929315,202.786331770484,-0.984602216584335,-1.30419417453868,3.39531381613915,6.22769914486662,2.83425300635736,4.78578628584864,0.913979898295565,2.35154685686757,5.65308482426963,-3.15993420988025,2.17200672688068,16.8339741381519,-1.05112569267521,1.05117857065898,0.275777946569178,0.851113051105131,6.14703122797528,2.3543745092893,4.75864407333393,2.32426374784063,-0.907861444964965,1.28877670931297,-1.4354277852899
,9,0.223620001742347,3.7084049507298,6.35238114338017,2.07132063679501,-0.384146285387487,2.81971619351725,-2.50521340613523,4.76007071000868,-0.110496299289935,20.8372049507557,2.82255348267699,-2.42276969019258,-1.12524415707867,0.456099548073325,1.5123077072958,1.54091180288151,5.73719759039841,4.79686498256524,10.0903715175923,3.45706378965042,1.1793823650637,-1.15850233638821,2.48295831610858,1.20274654851937,1.4332611105574,8.41830690844336,1.13850717020478,1.20528093776147,7.16547823598921,4.82953678736294,2.42686699341084,4.49810896838653,6.67370742305138,4.33146498807764,-0.57171878122108,0.577643619826176,-0.682194099763819,3.31457742498606,2.27331297429328,0.338280546728583,7.4591383272259,3.62904455145235,4.47966563909404,2.09260509361502,4.74289406737853,1.17896250784452,0.420707277668043,0.946884937340201,4.18422983721803,-1.66844388077607,-0.417699310401986,0.169902129223374,3.17727972993998,3.50464511941391,11.7968468011791,4.5711549198536,2.17310450679906,2.63985626950353,-1.69411109286239,-2.47255645172345,135.791162604522,1.8355760817708,-0.42921244711124,0.851409135871563,5.59577036740939,4.94441563021473,4.6438959319612,5.15485548419474,0.93225204005239,3.72836661789506,1.08777162960223,-0.267804934548622,226.436285947053,1.02136028131417,2.37240520355499,-0.41772307284873,3.18674483119094,5.26144257344185,3.3633657764949,1.31191171835735,1.96572362007828,2.70735108187546,-1.67639634475518,1.52573386552376,7.07333311053026,-1.42631539187505,-2.31147754134099,-0.646569539726897,0.0369133392055119,5.61697997045076,5.20522192430781,4.24072933631669,0.352066732774801,-1.7183044153594,0.0839560987433288,0.105976785143412
,10,1.65213400172388,6.97735666417884,3.3354168893411,-0.162599792420679,0.949685276997116,3.43117185037318,1.7703290739928,6.61685551100436,2.60747543763318,21.3379373265443,6.54854565418827,-0.00302703304032548,-2.35520284643007,7.05337589686178,0.142287513612246,1.48399315502365,7.7355389416316,2.78213167420154,9.29784925302602,6.10175659604829,-0.00306399354440146,-2.26554197580435,3.42081189853388,1.00815798431086,1.99531880384984,5.79395961372302,-0.162659034695935,-0.451969780838226,8.27349175107429,6.70291950453611,4.49013451730843,5.20526765129216,6.4465868468742,1.64724223736766,-0.208802098686647,-1.09825230211572,1.6947589179299,2.19232008746076,0.0312194039697715,1.86762189520368,0.272853861226395,6.21533542440648,5.92865052303932,3.61667119154345,1.51152043811953,3.35423103446828,-0.354382979216098,-1.03002644053095,4.35027040388331,2.19590741932507,-0.0634418797790204,5.45098925042385,3.96977357974674,2.39805784608188,15.4943763250162,3.57676939476232,3.92675488028499,3.46905151879218,-2.39977990891475,1.56061520215826,156.057990233705,1.63029108482033,1.84645420750621,-1.00364712888722,3.56757475601444,4.10058729661569,4.69753702093203,2.64144732512568,0.736157851354164,-0.646157686484457,0.7571074186244,-3.75738677889149,251.206392731222,1.27585782675396,2.24647441098841,4.87055317426393,7.44993529876729,6.15988531236599,5.52494741329701,6.3454368294415,-1.15179070919658,3.54395410196139,0.766012606150525,-1.24417645209724,9.0866038997583,3.02498670130944,0.113477386400973,-0.517993624322571,3.75894655149159,3.96366278240794,3.63102184703075,4.08507633229829,0.668366012625938,0.271497029106285,-0.0310700597538016,2.58283981255909
,11,-2.19663945498905,6.61954442398292,4.19414951241697,2.52574556504624,-4.42862197499153,3.16993896804388,1.6135640090074,4.20817101057992,3.9658148970093,17.9871395533387,8.23539352485432,1.78342698668803,-1.33511107873301,3.27353740514445,-1.46349314979307,0.664746940607074,6.75453904719188,2.72930430652241,6.23732655937465,4.23203888430407,-2.79591824534145,-1.8384852448994,2.37588659303037,0.356388883649743,0.98097607208183,6.68350402706483,1.11694580496896,1.24766542900079,10.3559058516566,5.20490791834527,1.39570366283488,7.56079303632714,3.30007940734004,0.903402670599462,2.68353597683017,-1.12415481150629,0.195248093672944,4.59299134231287,3.79988279526879,0.313406397414838,4.91829551622322,5.04459447367253,6.58187847053614,2.75025177892121,2.84009073736797,2.24524369835535,1.05360869896776,0.4293208094482,7.07991693523127,1.52931078064466,0.510103131651249,1.91739436115677,5.19566318219859,2.45986155445325,13.0179807953728,1.2486192561164,3.46404824779984,3.19834871076455,0.570817435271692,3.35723984423612,175.138730450578,1.78394733020423,3.79377695103085,1.71130023353498,6.90156983462657,1.53751535158972,6.38000767650919,4.15683229598517,5.87826197196682,1.84584513601794,1.33998470000324,0.743159829160959,287.555718991595,3.52320759633585,2.6381887552252,2.64020726006083,8.62779670638656,6.42367133455355,3.51309879062046,1.43709888414196,-0.16981740607207,6.57364633987027,2.11857559544114,-2.01032023347534,16.6488762829204,-3.03018587446604,2.98236868513595,-0.821104454578744,0.121990833715245,3.51011009311515,5.97153481107171,6.14687140683236,2.51747902943816,1.15491673692395,-1.44262002719097,0.251080227456896
,12,-1.60782098351319,4.37779801681518,-2.69011010849863,0.369307615329944,-0.331566681797995,3.32713155994088,-1.62689747815966,4.49428429249338,2.3249628652552,13.8702942103923,4.16688406574076,2.5490119082765,-2.16708003076292,5.31481039129085,-1.93240763272979,2.90567597758036,3.842159939054,-1.0673337090825,6.84146473714736,1.44469571487389,1.62702467190456,-0.155584673832436,5.22717015203125,5.41622054114669,0.653691957616502,2.32521473937913,0.200989611689693,2.98367931963639,2.20682761756188,4.14627777367969,2.70491286669267,2.44821168595672,-1.13133096408819,0.659098978068414,-1.50870234008107,2.29044734841045,1.46599097762783,1.07583266250322,0.116996834400652,0.957117436158569,1.034266189748,-1.4650852484001,5.74180354031205,0.89433356098607,3.36687487463632,-1.38051390052533,-0.890997498706383,0.176543236416364,20.4564212518981,-0.150375870016887,-0.148417868622346,1.10181903415105,4.1416542983975,2.2383306669808,9.50146624338231,2.05233455210646,0.430591992832433,3.69847677030475,-1.31683433335638,1.69236766402037,204.366151393821,1.79685643328185,-0.510733696231455,1.62882798009741,3.8582393363331,-0.906395530609643,2.31063894196086,0.510133876698546,5.65683169714157,-1.87038622718319,2.83487458887157,1.25365753785081,332.749390539218,1.84957274929729,-3.2397943685919,2.78629317047398,7.00312174079318,3.30047522695304,3.63410747877788,2.22969172408602,0.637293415780732,-0.800481789381593,1.10518291289964,2.46362644514284,30.8511410622077,0.203289415623203,-2.86859200494109,-2.53279831191412,0.141948931192474,-1.79721781873377,4.13152016641698,4.29385723019777,2.1458148718275,0.407986056249229,-1.31913452898789,-0.565990858362056
,13,0.778163026034235,3.75123614501172,-1.69813311707503,-1.70731774068327,-1.20578989700107,0.350479921336955,-0.169829962431322,4.49378535565847,-2.91651059980495,9.07063588437086,1.65983643980007,2.77766476747138,2.57765951990677,4.35557384761387,-0.62609435633658,-0.788494824630106,2.41718437676855,3.17407095146791,2.91829839086495,-0.0288117552645417,1.66069267243529,-1.0673012930165,4.19697560967552,-1.99078867726075,8.31821223275392,8.44997081133351,3.6102993397426,-0.406312939293457,2.59138870471634,2.26508154034582,-0.820451970686008,1.84023279479607,-1.12651604964685,4.35437714385216,-1.48598386285221,-2.68886856326526,2.1346587244002,1.8154669295418,-0.11426831016297,-3.00630068497094,1.6368712062972,0.451833454847929,1.3361854508571,-0.66775454693061,0.0090588297521208,0.0105879824295698,0.928503524393363,0.113213688837277,42.7585279214172,3.33937414043521,-0.604241840926534,1.87551887323843,4.40770307006051,1.308896574134,9.43056811552378,1.48461666710818,2.05883441503192,-0.275113467019764,0.261211972949695,-0.564944096383442,254.120143518038,2.74351126163447,0.502112421158927,1.39107787195371,5.22664879124159,2.5907860974894,0.855979553048201,3.08956558468071,4.53192925464737,1.09229783846922,-1.57444609810909,-1.85839806702916,397.313069269685,-2.51441125645079,-5.40404903197259,2.59466742022278,2.03259361241135,-0.0257870624027419,3.92227966940027,-0.621519167976203,2.10727645180987,2.58630044830079,-1.21695069763655,2.33164611717712,69.1078091846275,-0.712974396947629,1.15924981731087,0.729294399195624,-1.28729395221353,1.66589798132236,0.720581167973251,0.399186739284687,0.71051467959478,0.162995259725449,2.7729472520673,0.963496427459631
,14,1.19168253188354,1.53635521790829,1.92176503328892,-2.63653357613111,0.0225537823589548,-1.95488816714351,-3.18879699374838,3.01644399185534,-4.43099980674015,9.42440451108041,1.60684838615771,2.07243512518608,7.66151841230112,-1.22369123586213,1.40582390072359,-2.50272770018773,2.07201491438491,-3.78138002556943,0.674145728388794,-0.502220703483545,-0.743281400311844,-3.8482608867771,-0.739322050719693,-1.30722973264983,21.1492238288884,6.10517047265921,3.64234762757314,0.339406705533747,1.37516851892269,-2.64083700535139,2.24218023361527,-0.625534802168659,0.309134833089047,3.0483796268104,-0.106269248910849,0.801040195204223,1.70162993264421,1.30318089153343,-2.88307103622219,1.58220774294841,2.33696235723482,-3.0181350549301,3.4295430255379,0.300391822801885,1.55062501075099,-0.193216814657262,-2.04217248781424,1.83522513295338,90.5340227900319,0.963319857035003,1.92702695078106,1.35258457882492,3.25502174127587,2.56972293055514,5.35124369510913,2.99378532428773,-1.63106271774586,-1.16225755706273,1.94053362830482,1.1516173029454,326.364281120943,-0.328729289071362,-2.10301961423329,2.04039271739566,0.1161622480804,-0.18395357458985,1.2437556074201,1.16945948510784,1.4438703067608,-0.0507364983295702,0.0705991330305551,1.01387194132076,495.794038482538,-0.122136561545631,2.8978653850877,2.22116186188032,-0.857150525295765,-1.23347912938334,-1.81338158525523,2.10252556995783,-0.506422053464576,-0.326237588287313,2.24084618211282,-1.41639289068189,140.814770202669,-0.734515814939186,-2.92620268202245,-3.12288795322911,1.54407852220038,2.1947618589993,-1.21986194189958,0.644870332274877,0.310088596562764,-0.64142305274072,1.08204484436646,0.313148072196327
,15,4.5667435701871,3.60591546549995,-0.58341076618035,-3.23960613914096,-2.73033864099307,-0.0219175521733632,3.29258426185743,2.32467545507143,2.45439530640579,7.13854435700114,3.6002847086188,1.81909841941115,13.8169833224388,-1.83148974129153,0.332360005484588,-0.367643785815289,0.35193361720485,0.558831206958985,-0.632413791081945,1.98051430663418,-0.79975506364508,-5.17569924156078,1.83565271893258,1.60002069540997,42.4498845982462,1.1780455012331,1.51832392948609,4.03814909529774,-0.562612072379125,-0.748688224446596,1.17175430844827,-0.0991685794128898,-0.337025825614091,-2.40554480728451,2.00928269285987,0.205861087920766,-1.17548919891487,0.831916665161316,0.75171064538381,-0.455124318568778,-4.40030580385655,-0.997885474664145,-1.40127306780187,2.15667713700668,-1.69321277340305,-0.586583381092623,-2.6316215821721,3.88386440306749,173.480604988534,0.114472840762119,-1.57102735305762,3.91627639810122,0.662728145513029,-0.883201555659525,2.97107063753811,2.36518928847318,-0.949263565400543,0.241328143901683,-0.639773376705762,-1.14454585238946,463.692300948257,-2.83195093226414,-2.191106662317,1.70760373316352,2.30587000692458,-2.80798980417785,-0.705651087344904,-1.43335892366304,-2.10052109095523,-0.181475975095964,0.00932681249196321,-0.834156786656422,635.888459757369,0.163014949869648,0.689064028966641,1.72501877697687,-0.26377259249557,2.34367420356375,-0.309462246531893,1.82821669128862,1.67295066133283,-2.00747378819005,0.616599844159282,-0.10272833405179,254.877366008577,0.0532862892841877,-1.9615445852146,-3.4694249284571,-0.276001378402725,5.48819502350307,0.191279736443448,-0.890680006771163,0.723769513353545,-1.35354949494649,0.0875166588816683,-1.56748548720452
,16,10.2190800673147,-1.80776156176535,0.30961594187238,-1.97781420448791,-1.53873485022223,-0.151201442266938,-1.57711449296767,1.10762434867729,-3.47767130535249,5.47844897030154,4.47950596657529,1.35914049419534,35.0192884464809,-3.01328834760534,-1.95724012947494,-2.63789346609883,-0.603307914626384,1.74152967981718,-2.44710412284849,-0.891431487038972,-6.21998066351352,-3.29987250873137,-0.0921380149784454,-0.0410314905143423,80.1483186069731,2.93840230544174,-0.428714132083314,1.93992794021915,1.45574289220122,-6.56313187779188,-0.797962367465061,-3.06438533173514,0.292708063528607,-1.16671446332521,-0.770480417441831,2.74601557983351,-1.75293612183805,-3.16375675036716,-4.6502919422519,-0.241592582573958,-1.54539475540014,-0.54632084584,-3.0820645111844,-0.446794155534917,-2.32212281020884,2.0674389116075,1.04109300628124,2.11655413701692,320.245469530577,0.502466795763212,-1.09043971988922,1.29569953963801,1.06314194273818,-0.107411403328115,-5.52193046480625,-0.31401106425983,-2.7272481612531,-4.59425081226664,3.2095911455458,0.880849282451436,639.992578848293,0.241243193132959,3.39244040747462,0.136053790999085,-1.30668804626976,-1.50630366081577,-1.73743984723524,-2.36310433448944,1.64120512677573,-0.385842477620827,-1.47168000480178,10.9857649976489,819.888316997591,0.979136633690814,-2.87308383066875,-0.873354432473661,0.492417276293509,-0.103146143549566,3.93715193894195,-0.825765268436498,1.67090265189654,-2.46564483462907,2.49272686343465,2.26909623053916,413.126414002367,-0.483710991183216,-0.117566913068003,-3.82739497597231,4.71874779112886,12.1887307093552,-0.931845637895549,-0.717843512280524,-0.493479187739013,-2.51897323142657,0.148643056418223,-1.97490320078441
,17,28.844769321719,-2.57453283975974,-2.57631451337102,-2.72094339358637,1.43140339347656,1.45625108978584,-0.235913257875836,-0.653765074051535,-4.03583118838924,-1.53541237902436,-4.75798149321417,-0.141775871816662,74.2401071266554,-1.37118595167431,-2.75291907678456,0.283357860942942,-7.90281908172892,7.59578330837803,-0.565954818052433,-2.8439724567088,0.769850872567986,-3.47607676442703,-2.30259479799906,0.480307821273982,148.222080227853,2.20378665109729,-2.19787653714957,0.941100878130783,-0.574783489587844,-3.08536157685194,-2.33785931416787,-3.00351319389483,-4.47912934435135,-0.779635403027896,1.10299917334441,-1.97704165720097,-2.69717796084524,1.66229040062035,0.763514052322989,-2.48689235638312,6.84774669978606,0.882547923931725,-4.47025695478669,-1.97418796149032,-1.5987758889105,-0.22291069426683,3.30977042054747,0.195200864756316,532.855808530954,0.540927760072918,-3.31558162723923,-0.232618000491584,-1.08867648558225,-0.108090982233534,-5.54409079135485,-5.34468078589089,-2.60950253088049,-0.126625132823847,3.55540868240996,-2.36794133013063,860.583330661199,0.45462882425727,-0.673294133745003,0.109675154812066,-2.08638656819494,-0.161867201678433,0.0415505432370082,2.62139776380263,-2.65781482038938,2.79943764582231,3.99876107432601,1.54782300090665,1027.34780588563,-1.31214940614973,-1.31704133004678,0.891544074558624,-4.35100976935837,-3.44575480418325,-2.47108995032249,-2.47383998447094,1.28929717283563,-0.410591037625181,2.81892715710137,3.09285638486472,593.404520862877,3.45100909317307,-2.14194878910894,-6.09547975024589,0.310203623464531,37.9788097389951,0.0668882437039429,0.574080065311591,2.4003759218881,-2.56599353975344,0.0980596177696498,1.7834597173578
,18,57.9971380541729,-4.09979286940734,2.52669823109136,-1.04086904211363,-1.75807631528369,12.4484109119981,-1.07425036690483,0.419054780474198,2.55431213276233,0.325651593504062,1.04380335009864,-2.62222613043696,139.086551460859,0.60268072726376,-1.271786510536,0.0291245545790844,-10.134448096599,16.3579758667597,-1.01697944161015,-2.51027533757042,-4.20935146208058,-8.42742401377109,-2.01882098298574,-2.97745347945829,269.241099069522,-1.27967662806259,0.903002955670672,-0.48543140577749,2.7713173218317,-10.9703336783041,-1.59485785557126,-2.26911283860227,-3.78031657611473,4.44628448952517,1.12850805396511,0.925583190429734,-1.98632652110609,-3.72851473589208,-1.78438926726722,1.37935974954371,20.2971308283595,4.25441216017634,-7.86487817142597,-4.04741099440434,2.54914085121118,0.508701164974809,-0.306745821130789,5.17673592153551,811.026668812736,-0.449602899891033,-2.63172256809821,2.2438786123862,1.08998926772938,-1.51360721416268,-8.20682133299351,2.29470165388648,2.15323859631917,0.423249237933305,3.08522825973114,-0.622581152025759,1096.52530915974,-1.24760513191723,1.40561415416232,0.383073716294348,-2.21485513957805,13.5550070256018,6.32844186503917,3.54685566929902,-2.47832035649708,-0.326478327575842,2.14519945366828,-0.44077621915676,1233.20961906307,0.247177916825876,-0.70424638340819,-3.22792070276182,-1.12445096950751,-3.05299858496801,-2.46403196665779,2.80405235690569,-3.04220233431124,0.419237771356165,4.86906936498917,-1.60620811812805,754.707500356547,-0.467431630927877,2.68787287217128,-2.74241404073064,1.14820102116892,85.2411666846774,-0.113377079097063,-0.941112763331148,3.40598081157304,-2.38411844565871,0.280967805658747,1.3665324856288
,19,114.944544134163,-5.2580450264004,4.10071852552483,0.232539042151075,-1.41563897251035,29.7066369982663,-5.54492052660316,-5.9271782709111,4.06678206062452,-4.96639846642756,-5.19770349319697,-0.359022893568635,258.44359822482,-4.25689802891884,7.64863825394923,1.8729579678693,-6.33487965144059,43.6680668339218,-7.66220023620463,1.0598432793754,-0.514157804041588,-5.61060943185703,-1.05453200461079,1.60201694787293,458.498171685136,0.215505322251374,5.2933676220523,0.653961369886474,16.1443383443079,-11.8890008064054,1.50854943932336,-1.02569704691086,-6.61709608762703,12.6534518031967,-2.91496461080169,1.49811997500456,1.56658790199162,-2.58326660715511,-6.3028381655372,3.21873385702065,41.5793431229199,17.7423014745755,-6.58367775812485,-2.58854052072275,7.93608751338115,0.225403091221324,1.70588221063781,-2.57465377101698,1075.91734995936,-2.88117738837946,-3.27921020028634,0.441989582754559,-4.49146733056978,-0.542540483206267,-16.5829454002624,4.58331662159662,1.25083425677576,7.56319330950373,0.127250112920137,0.498300127965649,1311.01524552375,0.401491083591736,8.73413654495835,-2.54982063346142,-3.803543188616,39.0159419046431,23.0411163728522,6.12766914314216,-0.260200494696619,-1.05264899492249,-0.28540866772164,3.30414427085771,1405.41832931177,-0.185161030575728,6.89863926270891,-0.206430831178295,-1.10383139544774,-0.351683155888168,2.7408577657493,5.03068820754515,-0.817789030416407,3.68179743169185,2.59699408519782,1.05129372294095,879.798701068536,0.761251470292336,3.99160605190991,-4.48510450592721,0.635748951624919,162.570527438423,1.69267146826269,-0.789084705949335,16.7501027658736,3.52350226723138,2.27140823943137,1.15311880827267
,20,212.130023327405,-1.41144230504278,13.4141449708341,3.28088567019313,-2.37683339998375,58.2064474041049,-0.957834757238743,-4.46110505151,12.338851329504,-5.10397978869605,-0.0507820800394256,-0.698252264080566,445.040772441324,1.92096710703754,17.2456909943485,2.57854976827866,-5.40160459495337,90.2669344924325,-2.25378075946765,5.1757005095451,2.76295763051849,-6.58486705042424,-4.66282759472824,2.81813030842886,734.596001017069,-1.04646710448651,16.7224772044165,-5.22213174709714,32.9314140806705,-9.57596637191318,10.8852557511104,1.16699439780859,-0.730659139002,21.4874320826571,1.79829879091767,-1.71981356859715,-2.11039815892809,-5.53969366512638,-2.86293313958595,12.5372878348362,91.6629936539684,45.3798008335461,-4.63123532074087,1.5986116209574,26.7278977423307,-0.70062101724443,-1.87772961723704,2.21226288840853,1300.27404280712,3.44522141099833,0.810228364192426,-0.41301858236875,-3.95791292318609,8.08371295929101,-13.1838288551348,6.05885425379392,4.55499253673634,17.7151455056692,1.74445676363348,2.62965203998692,1478.0107309007,-1.83060114378668,21.081947615924,-2.6099541449189,2.74999651645476,82.8483206234923,52.7727332777881,19.8104003250319,0.700077904948103,0.907020196190388,3.81994497587903,0.0703896913078097,1535.29327141693,-0.377912021482643,19.3763566503435,-2.16328796860489,3.91252553989898,2.42681612302067,12.1847524184464,20.0462443605402,3.74047853532466,9.24576793967299,0.408086765389726,-1.260826649509,964.638099563359,-0.476471251805833,15.6073190605885,-3.63831234477766,1.34662889335868,298.51289380624,6.10786462574788,1.7133616642177,32.2646328054934,5.47581333729477,-1.55044054712835,0.50598317425829
,21,368.006928129591,3.03420849013673,28.6345833724668,2.07100752066799,-2.20288682337196,118.600943910717,-3.7334206370092,-1.87596983878257,34.5296032069982,-12.0294785096967,5.92422485775933,-0.0881453944239183,714.134652532798,9.10075984443984,35.1736627433279,14.6753827577554,-0.0994451512874548,175.307019744203,4.56639228572658,15.8180574250073,8.03053230335991,1.45976001495455,-2.89989240923887,-2.89323823211407,1017.50913538998,-4.25965818645091,31.886192447932,0.760984660882059,79.4634678086186,-13.2240154817541,27.2573366733814,10.3080066235061,6.55625153477149,45.1183937919855,-1.8884190368517,0.755872034595541,3.28333787717747,-0.676744174666965,-3.19064266650366,27.9507442712929,181.109139923594,98.7773232559261,7.79888265465752,3.14138653486316,54.1362979752603,-3.36512721941926,-1.99181170250449,-1.41111453857684,1466.34519981374,10.2839006624272,6.8519134140638,2.34309310515891,-6.57538905802903,20.2243379708821,-12.8144704049519,19.9651183467718,17.2568169949191,37.1105896596046,-1.91150996774422,-0.62389588989663,1596.16677841554,-1.78526357545388,49.152043453118,-4.57899784901565,11.6145303236826,162.179932964437,112.152422062472,49.1058056043616,13.0308427329119,-3.33532635798292,0.951421399451647,1.0288799925188,1624.78825744676,-2.39750808350027,42.4681477728604,-2.64898637424676,19.0529056884661,14.970208005629,31.4069694232344,33.3783536492956,15.443473590984,19.2326556940689,1.66127601014659,-1.07817609695576,1013.93905995947,0.453031359026681,34.6935764213235,-4.17995920384237,-0.467061904916591,494.091895785546,20.3042371603624,4.27041668815991,64.7087103535973,11.6772745548105,-0.38028646053499,2.92002392289442
,22,619.738063812174,18.4592320832821,62.7312875336861,2.16177641613376,-0.216782850392519,213.702180651246,-0.757825358528407,8.89945083829161,72.0891768244669,-8.43746747270734,18.0065869627506,-0.610070685526352,987.139155414632,25.2938351911112,71.2607067028389,36.5243100076832,7.64086184633834,313.680837575231,14.8122083378248,36.9436711209328,23.9978459395793,4.10741545583141,-0.749263706041802,1.92042813865919,1281.39556677001,-5.38802975849103,64.8565520244924,-0.495230734926736,165.183027806178,-8.63257738135871,63.0083744734866,25.4392370766827,25.9105430839736,86.7854998575208,-2.13873535102039,0.460431346148198,1.80981107393745,4.65546600276548,-0.590762367553907,52.6163822200083,333.482006991036,190.583437032144,29.4594497309026,4.15423222908703,109.805104023632,-1.49812645066413,1.3871943997392,0.879481747803766,1572.13177573825,19.6245286547573,22.7963513840546,1.27945467707332,-3.4946753376953,47.0477436166143,-5.41312376098585,40.2916363253712,37.95005848451,71.4917354540362,1.94710463917818,0.114016342865852,1672.74004386718,1.10748176853485,101.144887367747,-2.29711955325865,31.2617333888029,299.02601077044,217.175621907721,102.663990168601,30.3197314179538,-1.25400597605903,-0.524235725555627,0.24909732559172,1686.84620753732,-0.571538056124609,88.5313696832977,-2.50288928104101,49.2570598037146,40.3189814820867,72.4191123419623,71.9915170180284,24.4530664650738,48.1619088496441,-2.71216326208878,1.50805937712403,1037.16806595296,-1.56954774606947,65.3510953379537,-11.540183284802,-2.82457579460606,740.490983931157,43.5625864251683,21.9294583012384,122.421729905421,30.4478624907479,-1.98117729868818,2.30654357902586
,23,886.915581893901,45.9472230574106,121.52729849896,4.31038266777568,0.607060967050074,356.308175201832,1.35635501368324,23.4500906013204,138.169154778152,-11.2810824815674,35.777287334462,-2.87624183647404,1242.21170685505,55.5281526969575,133.911702094278,72.4715038688428,28.8106722635539,507.714333874954,43.3209556759871,76.9213794616389,55.2075094748229,17.8630171023233,9.61171412723843,-1.77622925905689,1490.88130756441,-5.49005898301812,121.150300355104,-3.75938294468733,302.806338098597,-5.77827486563228,129.167589383099,57.5411631014931,57.3882445261311,161.434062056072,-2.40099532985096,-1.63220146042977,11.5150505686247,16.7621067106952,1.99629708250131,104.97162778323,551.10752948815,335.113793021362,71.0565571101415,21.8517331198777,207.423659794434,-1.82457505694856,0.912705141417518,-1.96024657676026,1638.40726050378,40.669966409524,50.7877566403035,-3.84427815427216,-5.6877850242322,89.8975833130467,16.0631117260718,85.0373453943821,81.4859536551685,133.097303307899,0.256429840409965,-0.0970459160998871,1725.87875618184,1.32614584226349,187.847567747502,-1.16964165119771,62.359453663451,504.164115227164,388.935994060055,190.345034213228,57.6924863285089,-2.78855123943913,-0.265716233797775,-1.00733744634954,1730.1912702051,-1.26539350853409,157.276884125779,2.261061678224,106.498495681789,86.4684521175641,141.232741763984,139.214458423693,59.5355201594307,91.5184904754833,0.0537563634302387,-3.74317718694465,1043.59425852343,5.20875820831088,117.023654701587,-2.07932001087511,0.485131965214805,968.58494997191,91.3168997571729,47.82513549338,222.364087231929,59.340390051651,0.131140311764739,1.78519906500151
,24,1149.82694150929,93.6384873066995,224.02586438161,9.45154338771999,1.69621075405485,535.421707473745,2.15992408049215,54.5682600315336,245.11760592312,-11.5254765575282,69.9799410519713,1.98782275167787,1443.35134840249,108.70050737901,242.249185154443,141.736477561992,72.1408341518695,737.196625324313,97.3015418436848,151.994522910598,105.072833553479,40.6920684920619,23.0390235965506,0.471327008370281,1632.26604432011,-0.602550485291886,222.285942645798,-2.58437185632647,493.807077880697,3.68206870920403,236.2946213583,112.664495909109,122.373506849926,283.887511511816,-3.57867393481274,-0.615707645453767,21.4387034880147,33.5940193240899,8.70620871604342,195.058985327613,837.345694148278,522.292944702601,144.08685755495,49.0089350168591,364.467247242153,-1.63911484292794,0.909882504560755,0.840124080355963,1674.70984547442,84.1287161421365,98.7334351352374,-0.950358461544965,-1.78271213591188,173.223664511438,59.0941392243594,160.966367628084,158.843422376243,235.52741974237,1.63665376136169,-0.362252344001263,1760.01362328215,-0.852141988084441,322.626058670342,-1.08851333569874,133.030677862033,761.763532052202,649.838410141625,344.249757724019,107.888454629538,-0.177642584997102,2.85787342146159,-1.55857298122464,1762.31537150826,-0.984361686533248,281.807662865839,14.4351971400865,203.797795199606,170.054584353439,262.278864702263,255.255117243009,111.40994321785,177.170609750274,-1.16856158007022,4.71738935549456,1038.33410146354,-0.443299695186852,208.163420145439,-1.60187149418925,-0.506359999546476,1157.58401094614,175.005478579814,97.5462201439987,378.983965606046,110.829194286777,1.47244991611024,2.60107525436661
,25,1370.38907746352,183.227730240281,390.680830744978,23.2292384946259,7.58268054750852,701.986187073576,8.28672090824239,116.146006971035,420.99940531858,-7.39474837356647,136.820215985364,-0.520453553127027,1582.22085402783,199.570384223596,408.012010778485,250.500167515043,152.391468755944,945.759337750088,193.74957794616,275.471933448567,184.944409472791,71.4855698342021,49.3091468656098,-0.0782284447636812,1723.74929846614,7.8678647196989,383.510371464178,-2.47488486662269,733.26324780775,35.1094037376879,418.800285784891,208.783275204739,232.882918635889,473.596463901289,-0.86559057778004,1.71670665102693,40.9384485610522,68.2097816616833,22.2392069291313,338.647284869643,1105.75808904598,721.423675268063,263.669103567623,99.3766902454927,614.883242828133,1.07911535620588,1.38896158065154,2.08952769925918,1696.61138868061,149.187081361561,181.562345084367,-2.78965543477761,9.18412770481154,309.903555665718,137.869189295435,291.427811153871,290.419416959516,392.094564311809,0.789046647628311,4.37540735675429,1786.09845869893,0.535811979053506,517.773086473573,-0.877152695911263,248.56644887373,1004.9785522453,923.695689464321,567.376511426032,201.374645348392,0.260037388746696,-1.13820808487844,5.44889907658626,1786.34045662494,-1.28783235726587,454.878160290175,23.4748601594774,352.734476847948,306.097158968434,455.938163379991,440.754835425933,201.14634313135,303.514936312453,-0.0797536468226099,-0.96631762619154,1025.49085360625,-0.805956156986667,340.49132705087,2.98374984153452,-0.0949998375645009,1293.0467922973,318.637572906314,189.764795891625,612.957687590968,194.759766958564,2.03023303197142,-0.952025605175095
,26,1530.47526264382,312.215231210564,631.089141073681,38.4708119936263,20.6560406009107,842.600913962273,14.3917894043761,221.420046300091,646.653579324644,-0.349633847702535,246.001290962386,-2.08327303021588,1673.16986463683,345.976401684215,633.000040748514,424.287987773068,272.054847713194,1113.01360662545,345.320977593417,474.560744178244,327.727802821338,120.031409312586,102.257430663755,1.49765132015591,1780.8554876381,25.2020130720821,613.493425374361,-1.492859088552,951.942485781763,75.4573500297079,685.795432202084,360.733283143746,408.413403519938,729.994844115601,3.67311597981188,5.13996938219043,78.0109324149894,139.395665931269,41.1184142268812,530.423137217174,1328.49378456194,894.951452217468,433.94556692533,180.528575099241,886.123181429672,0.721689870043974,2.25403302879522,1.11287170510695,1710.80443365664,268.039373038247,312.77400855489,-2.99840747974486,31.4600960407147,502.069700695814,259.978535566092,498.280741724111,489.96921610548,597.349263599664,1.48380716060456,-0.648424685155533,1806.71012697879,-2.54051797623561,742.62961982063,1.57868904216639,431.665318133894,1210.29729264988,1187.53800622116,852.834501654474,354.805954961972,2.12301545537457,0.397858476118017,-1.9200237626801,1806.0869649225,-1.52486008327242,667.776490671501,52.1845626325253,558.359535493936,507.67811796251,711.602005520397,712.095677263946,357.609002206112,489.669047772052,-0.459940004553573,-0.170643772170479,1011.75268824998,-1.47071878260249,516.837176006445,10.0264674593964,-0.263990303382343,1381.21001722878,528.41476511168,336.44880384563,854.972851613078,313.147994117333,-1.30793145961252,1.49876078728175
,27,1635.23747501136,495.441118297971,877.381550290162,67.4534793187863,35.2620546693552,936.878977055507,32.9823972949844,377.442740262753,869.106941406861,20.0689676761972,420.336794908273,0.0289746456046487,1730.49023485546,559.281431179122,857.677889735629,663.081321123337,449.213781776176,1220.5423080802,560.873571096879,752.461232298593,535.265621089463,164.951811568842,196.200078727712,0.484193065925865,1818.54212809006,63.921658369833,845.754348663374,-2.60579955074036,1122.41862056135,157.531496069052,962.637133839453,583.289082445317,686.6598578573,980.059574735739,0.138404393405381,-1.24577525022278,144.204735065065,251.338886859283,64.6928872650196,746.446428593779,1477.30575270817,1026.34144562033,645.80992102332,311.306670934987,1159.24589466536,-2.95407736769084,1.21335862625892,-0.551740541626714,1719.66287517673,464.551253378791,496.472517527727,-0.878358313471836,70.4756851371271,743.681485405995,440.211465141474,790.161799478646,780.88920457361,796.820528217458,-0.951872731733602,0.921024991101604,1823.67058200604,-1.87046180632342,950.859904154065,-1.34244013886655,704.079636745459,1351.82805315232,1392.50201505975,1125.6595288692,579.807019620298,1.79125331646264,-0.370831747154625,2.17233249070478,1821.40097803031,1.02288912673657,869.755448272923,99.7509272760844,795.907871516495,762.107938562264,964.289130546066,992.283066946417,603.973982065836,714.895271669241,1.58484665793139,2.34956366207962,990.74101989918,-2.04695455254659,688.819575987512,15.5850223562884,1.20676389128266,1433.70446084259,791.331217535315,555.510482092835,1083.58878659305,465.859901725498,0.527817475967822,1.93365170378001
,28,1700.94403584534,698.28048092111,1111.64771473958,110.74715985912,71.7508503328013,998.17692032946,62.131726755822,569.890470307268,1069.33577456768,49.4539928915301,649.064338669292,-0.851728899102454,1769.96199003859,795.253056404497,1063.05527459484,903.086315510454,661.126255456453,1284.31147032611,806.421687253795,1028.71363016064,784.913686480884,206.2409978949,336.132120076882,-0.585858013452253,1844.16641472745,128.400646956567,1065.55282610196,-2.30301431502949,1234.07077681802,260.167034597464,1227.68910895066,812.928004740652,975.602713029558,1201.3816880765,-2.11106402091536,-1.69070249891911,236.958996776422,418.646564415376,104.163319033431,945.257247010369,1559.33844957792,1112.05851350229,834.832528696205,486.9639505906,1391.78058400121,0.756993878484991,2.33173942751,-1.72954474068183,1726.24832659592,757.847200172706,681.351071165904,-0.962813914894014,127.931834703078,970.822918181111,665.172684726573,1079.40860074489,1069.0099203883,968.992618013462,2.02157211775966,-0.363628766087913,1838.05723400851,1.474224772257,1126.9703971902,1.66177487034474,986.535959885273,1430.72150023638,1520.65240755119,1365.6675492537,862.796376364204,2.27348978021337,1.01439896675402,1.75432286863725,1834.10337412052,-0.72425757726478,1044.84626447821,165.710298953398,1003.09048087124,1001.31627445813,1195.38102825981,1257.19214881348,934.938921330968,922.662720323954,-0.277915447810301,0.42127841886213,969.179159086856,-3.18044105263925,846.245479077234,29.573983295244,0.701382565597214,1465.5458216827,1041.42367077873,817.225266800834,1268.20648090756,602.775987805538,-0.00159053371953632,-1.77213998760817
,29,1743.68694913218,876.129677872236,1294.12023178559,173.188048843032,131.600807549169,1036.35465239361,113.908667584315,739.860973981792,1220.50692591581,93.6759454445387,868.554647163969,0.0766510006683347,1796.58126913612,1009.52583282957,1221.69705143345,1117.13030161752,849.038446244058,1320.38256601418,1025.59600470178,1273.33867786487,1014.08785745752,245.18290997825,531.566340672083,-0.447600313758358,1863.33044938113,225.655793441948,1245.2364029543,-1.79479099516357,1293.99743821415,379.07853184747,1438.51954980362,1030.33093832612,1252.21094569585,1361.84545929605,1.57614240513385,2.18891354034122,383.067005805558,638.846151023183,142.863164359159,1110.73004909023,1597.64463355767,1167.09602429541,979.691385855,663.710346135804,1557.02568225827,-4.61047367133369,1.86568080116194,-0.832795203312799,1727.5396714235,1062.30798101638,840.999812790734,-3.34208563750599,219.503627454705,1156.30504158063,875.848722837238,1340.01112110687,1324.72892918092,1097.134840878,2.12650864545003,0.933033744904151,1848.20352604448,4.30846214312305,1251.75223626962,8.66442018293401,1257.33106067637,1467.52395409266,1586.12675008667,1546.34298770808,1128.68422080836,11.6499466687219,-3.83226709604105,1.68572584308822,1842.97407965315,0.175741009008561,1173.82093272584,244.072856198609,1155.12738129368,1198.60622904602,1368.78399984302,1464.65376689666,1265.26146222641,1092.34105268752,-2.33654849575851,0.384083821972581,941.686341014788,1.07500523460976,972.208113470694,63.2169927182963,1.33086161932169,1485.64165037188,1253.05868078685,1060.99100912315,1393.1200143055,717.018255501867,1.30524624315012,0.759023791233176
,30,1772.77270411801,1012.37772029733,1416.32546407743,239.013189576168,230.54047795175,1068.61776821205,208.189186989345,871.800692732991,1326.16663844508,161.523376225187,1053.16412010306,-0.516803506785891,1816.6539720826,1177.54000298762,1329.26379436367,1283.64528489034,992.034088511419,1349.51633541317,1187.94170759372,1441.33814789458,1197.19384232241,287.105060898571,733.582070225027,-0.574808681553804,1878.00019382357,377.396223301887,1378.23911019399,-2.88872392291523,1327.24664576777,473.697491964513,1580.33484763675,1202.0622717459,1464.23510643039,1461.44199499534,0.444931547935994,2.89431431536332,551.37023196045,830.907176025618,202.680410109896,1233.54427145595,1618.36938625808,1204.68123270969,1073.35469720849,813.671134388696,1660.66558386293,-5.64143494670907,1.08951960514969,1.9277770866197,1726.7332683788,1349.48559086373,963.342301274637,-1.03117816507074,330.410390472547,1284.65535304622,1048.91545442496,1532.87591469805,1506.0215171277,1181.04094620834,-0.238043881243811,-0.644599425350407,1857.34447930769,9.28281532631581,1336.66354573417,11.1568369419429,1477.58140959507,1484.55594986004,1612.66208284489,1666.58646015835,1342.60061984895,17.8660432029383,0.451301013850753,-0.065002059640392,1851.24501509723,1.48539669625734,1260.05156177997,340.582923502252,1244.77173671485,1326.68628530225,1480.80208792547,1597.01911322746,1559.85870726466,1214.69646963053,-0.185657691281449,0.230486320911496,916.446334325697,-1.30979941520673,1063.57844759489,115.383784725816,-1.32404112308814,1499.97283396942,1400.85466264859,1255.15454758251,1470.09514180425,802.979460962477,-1.54235828732044,-1.24861096186032
,31,1793.73943515127,1107.39099259402,1490.54763736449,312.181521646492,384.601246291924,1095.29019816781,346.229995888139,956.612392027147,1399.38794258939,243.962154730032,1182.99974043094,-0.618534378536879,1831.2268926234,1292.29337666844,1401.11301730554,1396.68824968946,1081.79284835984,1372.02400153975,1291.44134527718,1535.8489822612,1324.50728670467,324.123099937708,900.549792037822,1.15845157240392,1893.34384322029,550.725394770349,1481.1473039173,-3.72534628052563,1348.23958540918,555.099919383129,1667.88339466801,1319.31368187349,1597.42113905428,1518.42327595054,0.490928283974426,-2.76070730855463,704.389279604872,982.369612948719,256.942105361824,1323.65257206223,1632.61779298294,1235.97354301243,1131.0751161993,928.80717113959,1722.33977899842,-2.90477758926363,-2.50461383156244,0.730032531358574,1723.16218998468,1563.51788742715,1054.64666898177,-0.465807054903962,422.988522586592,1365.72613489988,1169.80452280271,1655.33273103531,1616.80884621455,1237.78955460663,-4.02393464542865,1.03178208277768,1866.64803469816,15.2464227085434,1393.60064530938,29.4921068426161,1632.2372295711,1498.86841828126,1625.80000806443,1739.9127278755,1488.47286425835,38.0376029125136,0.344400395596494,-2.07953486123142,1860.2765970938,3.74403484169716,1316.50595624926,444.731593390124,1290.94988476227,1398.44321981943,1544.68028144259,1670.86469197591,1767.90098093783,1299.16152394809,1.15164358665834,2.2730551004679,888.661696668329,-1.23053566748467,1126.15745953828,204.584246782269,0.711739857733392,1510.52048380708,1490.99467025211,1383.63460160272,1513.915257307,866.492619290296,-3.47411082820054,-2.64304092168732
,32,1809.65725543371,1169.73360968017,1535.32266398047,433.186415031961,593.510963881266,1117.66952820846,516.423216629689,1007.31915311416,1453.48339442306,324.842235703168,1259.52515877735,-0.455426584125235,1842.17897838934,1363.4092629613,1446.55061201014,1472.18569892117,1134.22747604908,1390.77682674003,1341.25292594624,1576.99062669171,1407.58356254376,356.197491537894,1017.79620768637,5.05605931277432,1905.78367901469,700.922098321591,1604.40525994775,1.19827426332586,1364.00634348175,621.306292320983,1720.64128646274,1393.39079117679,1666.42579931524,1553.97221543707,-0.0166472581290691,1.24833042455884,827.550126290624,1088.87370759889,323.958102649194,1388.58659577396,1644.01191361988,1261.67644128116,1168.84759145426,1012.69029857262,1760.8227038342,-3.96376429758266,0.394511248344315,-0.380674136757079,1719.19312659228,1686.13936015235,1123.10618647015,8.73795499787229,494.177540462738,1419.81720212686,1244.56842035517,1721.95111378431,1675.83848192592,1275.89536692334,-2.73265928569572,-1.46560686605653,1873.58062624992,30.0981933099724,1435.93902813733,58.3741387676837,1727.00766581972,1509.42919796761,1632.83453289306,1781.86021908699,1572.99016007426,68.5244667006555,0.342753564154464,-1.77342930193663,1867.50055592186,10.3540005477544,1352.9036259557,542.019522803103,1315.25938460537,1434.1552851813,1579.38236264256,1707.06710761208,1884.74668604598,1357.92988049183,-0.72940161824954,1.9161197839976,859.061368513746,-0.0602224824297082,1168.80447217451,346.545990420165,-0.777340847971118,1516.41254770919,1540.57494989318,1451.18705056553,1539.57493229367,916.648670235097,2.50266019462288,2.00104794539175
,33,1819.66273994602,1208.62095445912,1560.69605216723,521.528912658584,795.930289875972,1133.78625360801,678.64581638844,1034.92462130562,1490.32662864083,403.133987415521,1302.70803811808,0.229417871872101,1849.46555341304,1406.27074780176,1476.40334148121,1521.49042892194,1165.27854705212,1403.71625412347,1364.2331849569,1593.11733834948,1462.26561234741,381.753460148014,1094.27423913088,10.9476496908674,1915.38394429314,812.190492404486,1697.24172094497,1.55432768292985,1373.21528304585,677.723917919261,1753.0686090029,1439.86293541928,1697.97475246828,1576.31487384321,0.972135452615476,2.19638911307266,913.422407347886,1163.14932258516,391.627340774291,1438.25181346668,1650.98190644764,1281.6926695275,1197.12246819797,1071.67111155698,1785.3671963511,-5.86575748331279,1.06091533974995,2.14211977596369,1713.28347507115,1737.16752896559,1176.02824261303,14.8347137422652,539.257716965082,1459.7812412739,1283.96083103977,1754.9600141152,1709.53265865262,1304.05024976776,1.37155811789171,-0.317016620960203,1879.54992361923,60.6668527935494,1467.13399387696,107.758375985255,1778.98680516208,1518.29931810009,1638.68491911312,1804.78185287622,1625.16273227358,132.409722028234,1.26187338716227,0.785984784251013,1871.73952706835,22.3957187916526,1377.36689077002,628.142451549781,1331.13640648358,1457.07506003588,1602.06462169649,1726.01652446909,1931.1264345798,1398.81958607448,-0.950856132863919,-0.0455673118790401,824.589243861981,4.05956073955122,1198.34761775406,558.217665710917,-2.50280850248146,1519.55985317482,1566.70826243148,1483.41199055171,1554.68456562777,954.468546670898,-0.239671908558194,0.512007028263724
,34,1830.01123173554,1230.80005901684,1574.12641555316,576.050498256938,976.033302004347,1145.25319636523,816.320086994223,1053.3805087894,1515.20557626871,483.106430375843,1325.31772740228,1.36637613520588,1854.36089775229,1430.45182204221,1496.0259595752,1551.59819646475,1187.17345234683,1414.62118494505,1372.12448374008,1596.70762548129,1498.01323577478,404.610148714352,1149.45350839843,24.3143991556199,1919.87169379368,884.153746995666,1763.16827231675,1.37803324852348,1380.04889491487,728.211288035544,1773.34041708669,1468.94941565032,1713.11114698193,1591.15654638419,-0.371875687671036,-0.705422335599906,970.537485972468,1221.31622589757,451.606560711748,1473.76631325929,1657.62299390832,1295.94851953081,1218.67708879439,1112.49878943143,1802.36244949787,-1.13189629507951,1.36955240347788,1.53839484947548,1706.96867223467,1751.00597465235,1220.28847558734,31.9370023173237,570.73783802959,1490.05903297581,1306.13498087135,1768.53822002978,1729.35116124408,1327.74357518276,-0.169116915223185,2.57342322131126,1882.31126134273,107.68393559146,1491.41341198439,201.000980500128,1803.09953141641,1523.91925912692,1641.7381489443,1818.98427013173,1654.85222594542,231.249904616413,0.26398389351516,-2.0394750228329,1874.16886726593,38.0949469591606,1395.37733124425,699.305045960656,1343.37928865053,1473.27220064413,1617.46451962346,1737.3815278571,1941.08499144952,1427.35812522077,1.59343924662517,-2.24990995527423,790.978650288984,1.66055914977687,1221.44643789062,781.287297207157,1.30389262190147,1521.60998912859,1581.02115870868,1498.10223635948,1564.6963905622,984.610459163443,0.689108068763744,1.64665461350796
,35,1833.80450515385,1243.4459981599,1579.81768771329,614.936931759045,1102.26110123108,1153.01447186624,911.344403913778,1064.45927703738,1531.58570621846,556.66431890415,1337.70595388308,2.9934834759556,1858.02390393296,1442.29624193793,1507.75003754307,1568.46737131099,1200.89614739474,1421.19110325082,1373.2870927803,1593.77817396785,1519.13282640906,423.271819640714,1188.98016006356,52.5202271545882,1918.03619438024,927.273817186997,1764.64030017099,8.33538079025402,1382.95309246317,770.172827904133,1783.31984666431,1483.19646876492,1715.00050664293,1598.86626973946,2.55333130887857,-0.25671667630877,1007.89066522575,1263.83534571185,497.46746179329,1498.78643570961,1659.43431320773,1304.83668193423,1236.00124665372,1141.65335371157,1811.36141098112,4.73782728676997,-0.0244876608803679,0.179150366910562,1696.86346089904,1746.48643819928,1254.63055156311,60.6611525598137,592.961903085993,1510.95906606097,1314.10508327638,1772.25524774083,1741.60630385877,1345.57745062,-2.2443002241107,0.379615340892542,1884.58298215542,192.597072254813,1509.29252598679,338.282424055219,1812.94093189197,1526.6140314399,1641.41454973318,1826.43803632267,1671.87435349343,376.467869385938,3.42830998432601,-0.208604747639129,1874.98108473064,77.4781253124374,1408.01415982154,759.584912581326,1352.36393591118,1483.55402001908,1627.44399972934,1743.58023050842,1929.12721926396,1448.47970285978,-0.191140371699021,-1.99294842168729,755.584073083308,5.40952265818942,1238.70200480002,998.361094867702,1.71209702206397,1520.05065376284,1587.22554208899,1504.36457273213,1570.60868669541,1007.95167608081,2.29600974105824,0.263725436831919
,36,1839.83693942344,1256.71343765554,1587.17344290725,645.111140219002,1179.27468246091,1161.48937578889,969.108624729869,1079.08294684372,1545.52475463121,624.517712971,1347.55304252687,3.8260067682163,1860.81253129505,1451.89024579886,1518.99779535892,1583.65826856554,1215.55971794712,1428.12991342717,1375.16315887546,1594.36497589854,1538.26896857508,440.55560586249,1222.66446341466,103.894879425983,1917.35508231824,958.611545581179,1768.53850753067,9.60326510232744,1384.71921803138,807.861059247329,1793.64603215875,1495.97844286329,1718.84573625036,1610.01185641074,5.11105071606153,-2.59479076011212,1031.78585553437,1301.04026078481,535.171041425536,1518.11150323087,1663.80994997169,1314.56186241097,1249.72260749287,1167.12265539817,1819.78777742969,2.20657026295248,-1.23531977124549,-3.70045730923539,1686.87138193427,1741.6193156038,1285.9481801698,89.3444589522837,611.103473425057,1531.97788127883,1322.29977944088,1775.63567346705,1756.57874600544,1363.39041106357,-0.00739060327850893,-1.25975577476083,1887.18383760321,325.721085830497,1527.02902830283,524.288032198248,1817.26493142829,1529.51439524769,1638.74374598426,1833.35373603814,1685.66554292207,564.036042395375,-3.57450958410118,-1.31562838972332,1877.94016283187,140.435273227078,1420.46265350311,809.826675376664,1361.21840888367,1494.50378087647,1636.52792172773,1751.13110607548,1914.68812731995,1467.40979681032,2.32451118757035,0.512090041181636,721.746893964578,12.4715458106143,1255.06008339358,1173.90635514738,-4.05884304051415,1518.75114142177,1594.13686155595,1510.84610084841,1575.52167873421,1031.9859539627,-2.56572235317572,-1.9330674542648
,37,1842.80582142444,1268.22814322507,1592.92972955175,664.681355054873,1217.52312764043,1166.84782131327,1001.85364907718,1088.84704844297,1557.71102355371,678.128715998652,1356.79745326781,5.66993094354302,1863.03406795801,1458.13411517971,1528.82498087245,1595.78775472891,1225.65039812767,1433.14282673998,1375.54467737792,1593.61712821074,1552.78409356008,455.512280967072,1244.959778322,195.849236099033,1913.54693376809,976.771682893663,1770.64224659845,17.1392985020398,1381.96887021267,838.131887219353,1799.39502580237,1503.75251346627,1722.09986591968,1617.03186566924,-1.12811075427999,-0.134960203563878,1045.93394634515,1327.93997975099,567.294142760014,1532.38353991254,1662.79591265452,1323.43389610106,1261.0933957547,1188.20301639272,1825.12553026627,1.93493894430003,-2.95046935932169,0.389204875394626,1674.7695384093,1736.42667141564,1309.01871659701,128.245233736182,624.090167717192,1547.18766015982,1325.44959057467,1777.08194798588,1767.29380598812,1378.86968847227,3.03446305128409,-2.78456708596923,1890.09512291211,508.737778122522,1539.21212539802,732.799342231883,1821.13800250151,1529.32988048414,1634.89091676966,1836.00783380192,1696.93096780641,740.777682396196,0.102199215190922,-1.481342030821,1879.20026250755,244.884838318042,1430.6153418646,852.891943766281,1368.57527395738,1502.62524045779,1642.07288848418,1755.08454436682,1899.2116385059,1481.33141406937,0.476353956477851,-1.70676006805115,685.472875629975,25.7876644120106,1267.24734409027,1295.60741805179,0.761898944749191,1514.24893068521,1597.20489435274,1515.98370658817,1581.74664485577,1051.62804113911,-3.29689079011177,3.58302510353542
,38,1847.44277780373,1283.13322546491,1603.4067201395,684.280332695486,1238.52146424511,1173.57557294315,1022.59927608794,1104.57571145806,1570.45599294242,725.066232977012,1366.66064841262,13.9123455543549,1863.24237101235,1466.2875652687,1540.41538225764,1610.36591386566,1239.31577390596,1439.11750470524,1380.4486752363,1597.66047120309,1571.15787062425,468.064084032075,1265.4385696681,354.060679978546,1914.73100609866,994.16612390936,1776.26341376521,24.5286632963303,1379.23583475157,865.201851674335,1806.60780083747,1514.98420781798,1728.40845981233,1625.82659348544,1.57033049003485,-0.419175345896292,1055.68512351581,1358.57654622314,600.698331551918,1547.98283641997,1662.85197486182,1331.65665294787,1271.26852622374,1209.53923031241,1832.06746502463,1.88126109253699,-2.60945852207351,-3.78897799784227,1667.21838920941,1741.666172622,1332.56125611502,157.42189516146,637.423081394429,1565.4161950557,1330.16771499627,1781.90312424172,1781.60781422485,1394.2013340566,-3.54703111209164,-0.712295728679237,1894.75573833685,710.541091025337,1552.58926571075,916.853959068909,1829.20206913284,1530.45224060104,1632.73975607987,1840.21578628942,1712.2212412501,892.897065125706,-0.640669396387239,-2.73429415528699,1885.13344625899,401.42021102352,1442.09257896,889.970668958676,1373.67608446807,1514.38456323264,1650.59599574148,1763.56717545537,1893.70633640815,1496.24172248863,-1.01208544865904,1.04215278568063,653.597020581824,44.7390673217815,1279.87538798388,1368.24447273782,0.937159862664885,1512.91448502306,1602.87295460635,1525.09220029949,1587.54097386928,1068.41887995512,-1.53480445969217,-1.83436363587225
,39,1849.81567185616,1292.11489288471,1609.34899426372,700.871958205263,1249.75381986977,1176.30127676664,1034.89810561778,1114.7893093445,1581.52657105225,762.572666514237,1373.47283512055,23.982098135717,1862.44098667292,1472.79457709914,1548.24645254522,1621.53373656416,1245.62278167084,1442.55854475883,1383.34995778754,1600.12765103069,1586.08699486896,477.97883403461,1279.80476089674,584.284723350683,1912.85798169408,1008.2278342819,1779.99535704762,28.9339659994939,1377.07461576977,887.193351245467,1809.41310328745,1524.15285503796,1732.37079462482,1630.38846938435,-1.08797998998443,0.207438247031405,1063.55984747146,1386.50110889077,632.441679198787,1561.47996741114,1659.86448398588,1335.27432360584,1280.93143763414,1228.23875189008,1835.02541696175,4.31247486798247,-0.750079953911154,1.23685101947649,1657.86284655072,1744.83083983356,1349.63835197969,185.314380952307,650.358427517225,1577.11620780665,1333.08595029395,1783.35244345305,1789.94480955526,1404.32968451998,2.18545941331786,-1.70571483620733,1898.17803544774,882.994075099081,1560.41921504826,1058.05162120832,1833.98530763662,1530.01026037385,1630.10258706002,1843.11437367718,1724.72405728774,1003.28607831779,0.615628484440549,0.140593085244291,1886.35451870991,601.000446100423,1449.4835460719,922.095868723884,1378.86116455624,1523.40697251316,1654.93831239993,1767.2917386113,1891.20462596772,1507.8540900546,1.44809993438457,2.48380659065242,621.176810072963,89.0184391802172,1289.93281722751,1406.30789113292,-1.25990587467413,1509.49303303967,1604.20811451768,1531.88805995969,1589.5450085472,1081.51069082,4.69218841816064,-1.50102583114085
,40,1849.94909573279,1300.71026491609,1613.18721266691,715.825531503407,1255.75010284351,1178.6075626763,1041.6510791687,1124.68704358086,1589.25011196375,796.996523631083,1377.04227135409,47.8024808150967,1859.86780498263,1477.76820735405,1553.08502113194,1631.81838150621,1251.2989899954,1444.86886132699,1386.37551649819,1602.36441794435,1599.90442697404,486.016541737744,1292.46923556917,855.6498806624,1911.03619286212,1023.05905529096,1780.33025685936,34.9840065880076,1375.09170039586,905.821454600006,1809.81593985685,1532.37896515244,1733.54783567992,1633.97352239259,0.135287637766396,0.520741795501635,1068.71757509533,1412.44222197665,661.062784236855,1573.15233825041,1658.52339867742,1336.42207658882,1286.7752200979,1245.6813095029,1835.31781349957,5.15934529665537,1.25810193317102,-0.381958480014873,1649.39984469942,1749.26200494372,1364.83441922439,205.446922487819,660.338739469689,1584.9982426294,1336.77842218592,1785.33774203983,1798.87801157301,1412.57749692866,-2.11279651204586,3.05252912310334,1899.41304046801,1007.4049489386,1568.1984659128,1148.74314923754,1837.61373529875,1530.42485856691,1627.91832902048,1845.8994232044,1733.86881156479,1073.06910959392,-0.206099014799747,1.23289429952001,1889.82701430773,784.559017386112,1455.36775961495,949.676407913613,1378.98700427594,1528.7322017837,1657.13036198972,1770.02126236411,1890.41209737265,1516.96980347828,-2.19428722633074,-0.368143844169936,587.383295248571,158.390438502018,1298.82624337919,1423.24473451744,-0.202896803247768,1504.8243623054,1605.45824147739,1535.65468226233,1587.82524916334,1092.69436755706,1.07842309091939,-2.01910184786857
,41,1847.64058965265,1307.0873037703,1612.53482596017,726.419196102021,1259.70147729308,1177.30775626428,1045.41173830798,1130.3516167957,1594.24360100622,828.864145017629,1378.60802697106,88.6813531139182,1856.42792307044,1479.48313665425,1557.60673219222,1640.99756127651,1254.04494735839,1446.9174383774,1388.14239316335,1602.08805993727,1610.50302138764,493.790241217822,1302.88668265242,1116.90293268807,1907.13584204116,1036.99207154339,1777.69220829346,35.2206537517554,1372.8976852843,921.444718431854,1804.98763628918,1536.66426325798,1733.50276262263,1634.5350613393,-1.21154924173561,-0.660021629602852,1071.38683991652,1433.65006890893,686.128381579202,1581.55721622647,1658.04591947025,1337.04615531814,1290.48222088245,1261.80479622306,1833.52064504689,5.44538164058667,0.481003229200269,0.0969521919928411,1638.9963837998,1750.86122792132,1376.28175234234,228.30707418863,668.143827176766,1586.81516079912,1339.95279762219,1784.42093159521,1805.09364458581,1420.990840369,0.411146079752598,0.308723090394324,1898.50273285522,1092.16747065008,1574.46837602349,1206.18083566902,1837.84442245045,1530.97699569134,1625.4212128922,1846.06797314043,1736.93867604536,1116.04188321681,-1.23591385378813,0.907650426238433,1892.02065400302,952.095924880588,1460.86772145121,974.440712940394,1377.61856858153,1529.505417582,1654.65262158986,1768.33366591431,1886.55792723554,1521.09416617593,-1.87735837617993,-2.42695106566498,549.00327191802,265.353868090597,1306.38119044402,1431.66860377567,1.47190516598039,1497.36943156737,1605.00531575358,1534.360765696,1586.83078391367,1103.42571874711,0.618005305923361,-1.50082532846818
