,Well,Fluor,Target,Content,Sample,Biological Set Name,Cq,Cq Mean,Cq Std. Dev,Starting Quantity (SQ),Log Starting Quantity,SQ Mean,SQ Std. Dev,Set Point,Well Note
,A01,SYBR,16S,Std,Ana,,19.9218608061684,19.9218608061684,0,0.01,-2,0.01,0,72,
,A02,SYBR,,Unkn,S_HC,,25.1651966115363,25.1651966115363,0,0.00205856327931411,-2.68643577844325,0.00205856327931411,0,72,
,A03,SYBR,,Unkn,S_DS,,23.8098525976176,23.8098525976176,0,0.00388450077771805,-2.41066478726551,0.00388450077771805,0,72,
,A04,SYBR,,Unkn,S_PF,,29.4762311046954,29.4762311046954,0,0.000273149716344921,-3.56359924614665,0.000273149716344921,0,72,
,A05,SYBR,,Unkn,L_NC,,29.7371686249324,29.7371686249324,0,0.00024171742622096,-3.61669203871609,0.00024171742622096,0,72,
,A06,SYBR,,Unkn,L_AV,,21.9036168967481,21.9036168967481,0,0.0094884612386838,-2.02280421220215,0.0094884612386838,0,72,
,A07,SYBR,,Unkn,L_TA,,29.9612522429735,29.9612522429735,0,0.000217627517947774,-3.66228619106359,0.000217627517947774,0,72,
,A08,SYBR,,Unkn,G_HC,,25.8396184085213,25.8396184085213,0,0.00150085951940429,-2.8236599558598,0.00150085951940429,0,72,
,A09,SYBR,,Unkn,G_DS,,23.6205501140264,23.6205501140264,0,0.00424475344630794,-2.37214753039474,0.00424475344630794,0,72,
,A10,SYBR,,Unkn,G_PF,,30.5217526616238,30.5217526616238,0,0.000167366734423915,-3.77633085752421,0.000167366734423915,0,72,
,A11,SYBR,,Unkn,L_TA,,25.6202156588034,25.6202156588034,0,0.00166334287863413,-2.77901821683601,0.00166334287863413,0,72,
,A12,SYBR,,Unkn,NTC,,NaN,0,0,NaN,NaN,0,0,72,
,B01,SYBR,16S,Std,Ana,,18.5483503374516,18.5483503374516,0,0.02,-1.69897000433602,0.02,0,72,
,B02,SYBR,,Unkn,S_HC,,25.033916939984,25.033916939984,0,0.00218915046951377,-2.65972438652085,0.00218915046951377,0,72,
,B03,SYBR,,Unkn,S_DS,,23.6518918867407,23.6518918867407,0,0.00418287974313759,-2.37852462110966,0.00418287974313759,0,72,
,B04,SYBR,,Unkn,S_PF,,24.577394448425,24.577394448425,0,0.00271121498832878,-2.56683604326684,0.00271121498832878,0,72,
,B05,SYBR,,Unkn,L_NC,,25.435760380741,25.435760380741,0,0.00181348004955384,-2.74148721781519,0.00181348004955384,0,72,
,B06,SYBR,,Unkn,L_AV,,21.2112322189635,21.2112322189635,0,0.0131242610813657,-1.88192513876537,0.0131242610813657,0,72,
,B07,SYBR,,Unkn,L_TA,,25.0711641537259,25.0711641537259,0,0.00215128003323769,-2.66730305359484,0.00215128003323769,0,72,
,B08,SYBR,,Unkn,G_HC,,24.4255151220907,24.4255151220907,0,0.00291116450521781,-2.53593325258602,0.00291116450521781,0,72,
,B09,SYBR,,Unkn,G_DS,,25.1372121673176,25.1372121673176,0,0.00208573053271013,-2.68074180123858,0.00208573053271013,0,72,
,B10,SYBR,,Unkn,G_PF,,27.9587066320384,27.9587066320384,0,0.000556122543785576,-3.25482949937872,0.000556122543785576,0,72,
,B11,SYBR,,Unkn,L_TA,,27.0595714142595,27.0595714142595,0,0.000847455643112405,-3.07188302404601,0.000847455643112405,0,72,
,B12,SYBR,,Unkn,NTC,,37.0549062192915,37.0549062192915,0,7.84101908734522E-06,-5.10562748894205,7.84101908734522E-06,0,72,
,C01,SYBR,16S,Std,Ana,,17.4653313887541,17.4653313887541,0,0.04,-1.39794000867204,0.04,0,72,
,C02,SYBR,,Unkn,S_HC,,28.7828416708619,28.7828416708619,0,0.000377993441357694,-3.42251573563069,0.000377993441357694,0,72,
,C03,SYBR,,Unkn,S_DS,,23.8244939774677,23.8244939774677,0,0.00385794596378219,-2.41364385958368,0.00385794596378219,0,72,
,C04,SYBR,,Unkn,S_PF,,NaN,0,0,NaN,NaN,0,0,72,
,C05,SYBR,,Unkn,L_NC,,22.2859472021223,22.2859472021223,0,0.00793237581682813,-2.10059671815455,0.00793237581682813,0,72,
,C06,SYBR,,Unkn,L_AV,,27.457975209523,27.457975209523,0,0.000703159756635078,-3.15294599284248,0.000703159756635078,0,72,
,C07,SYBR,,Unkn,L_TA,,23.7035426778691,23.7035426778691,0,0.00408287444636806,-2.38903397498465,0.00408287444636806,0,72,
,C08,SYBR,,Unkn,G_HC,,24.9558125175459,24.9558125175459,0,0.00227074031750876,-2.64383252897773,0.00227074031750876,0,72,
,C09,SYBR,,Unkn,G_DS,,24.7434889042782,24.7434889042782,0,0.0025082384589361,-2.60063117737994,0.0025082384589361,0,72,
,C10,SYBR,,Unkn,G_PF,,23.3519865423686,23.3519865423686,0,0.00481389851123417,-2.31750306995538,0.00481389851123417,0,72,
,C11,SYBR,,Unkn,,,NaN,0,0,NaN,NaN,0,0,72,
,C12,SYBR,,Unkn,,,NaN,0,0,NaN,NaN,0,0,72,
,D01,SYBR,16S,Std,Ana,,27.6504422778307,27.6504422778307,0,0.08,-1.09691001300806,0.08,0,72,
,D02,SYBR,,Unkn,S_HC,,26.5819053789932,26.5819053789932,0,0.0010600037036785,-2.97469261729719,0.0010600037036785,0,72,
,D03,SYBR,,Unkn,S_DS,,30.0341975718339,30.0341975718339,0,0.000210315687925485,-3.67712833109229,0.000210315687925485,0,72,
,D04,SYBR,,Unkn,S_PF,,24.0660014989642,24.0660014989642,0,0.0034452183954498,-2.46278324257133,0.0034452183954498,0,72,
,D05,SYBR,,Unkn,L_NC,,21.1537471129761,21.1537471129761,0,0.013482527645615,-1.87022868052797,0.013482527645615,0,72,
,D06,SYBR,,Unkn,L_AV,,22.0965374450472,22.0965374450472,0,0.00866846830488508,-2.06205763441572,0.00866846830488508,0,72,
,D07,SYBR,,Unkn,L_TA,,24.5055028885287,24.5055028885287,0,0.00280408831115229,-2.55220831294426,0.00280408831115229,0,72,
,D08,SYBR,,Unkn,G_HC,,26.1835739622789,26.1835739622789,0,0.00127748445656313,-2.89364437531844,0.00127748445656313,0,72,
,D09,SYBR,,Unkn,G_DS,,22.9704192359687,22.9704192359687,0,0.00575617765258263,-2.23986581092276,0.00575617765258263,0,72,
,D10,SYBR,,Unkn,G_PF,,NaN,0,0,NaN,NaN,0,0,72,
,D11,SYBR,,Unkn,,,NaN,0,0,NaN,NaN,0,0,72,
,D12,SYBR,,Unkn,,,NaN,0,0,NaN,NaN,0,0,72,
,E01,SYBR,16S,Std,Ana,,15.2115998501377,15.2115998501377,0,0.16,-0.795880017344075,0.16,0,72,
,E02,SYBR,,Unkn,S_HC,,25.4656952439765,25.4656952439765,0,0.00178822414470818,-2.74757804554635,0.00178822414470818,0,72,
,E03,SYBR,,Unkn,S_DS,,25.1750887279308,25.1750887279308,0,0.00204904491806583,-2.6884485211233,0.00204904491806583,0,72,
,E04,SYBR,,Unkn,S_PF,,39.9547551333691,39.9547551333691,0,2.01531103333689E-06,-5.69565791744468,2.01531103333689E-06,0,72,
,E05,SYBR,,Unkn,L_NC,,28.8365479295115,28.8365479295115,0,0.00036860114997705,-3.43344331418502,0.00036860114997705,0,72,
,E06,SYBR,,Unkn,L_AV,,24.2290926891676,24.2290926891676,0,0.00319177813923432,-2.49596730411797,0.00319177813923432,0,72,
,E07,SYBR,,Unkn,L_TA,,25.545960166619,25.545960166619,0,0.0017222274272952,-2.76390949870261,0.0017222274272952,0,72,
,E08,SYBR,,Unkn,G_HC,,24.3339658026581,24.3339658026581,0,0.0030387448069319,-2.51730577033627,0.0030387448069319,0,72,
,E09,SYBR,,Unkn,G_DS,,24.3472715984369,24.3472715984369,0,0.00301986068255389,-2.52001309220633,0.00301986068255389,0,72,
,E10,SYBR,,Unkn,G_PF,,23.6974386782906,23.6974386782906,0,0.00409456718880209,-2.38779199804252,0.00409456718880209,0,72,
,E11,SYBR,,Unkn,,,NaN,0,0,NaN,NaN,0,0,72,
,E12,SYBR,,Unkn,,,NaN,0,0,NaN,NaN,0,0,72,
,F01,SYBR,16S,Std,Ana,,12.0034143378256,12.0034143378256,0,0.32,-0.494850021680094,0.32,0,72,
,F02,SYBR,,Unkn,S_HC,,35.0896829636939,35.0896829636939,0,1.96895253413743E-05,-4.70576475334419,1.96895253413743E-05,0,72,
,F03,SYBR,,Unkn,S_DS,,23.1238213936759,23.1238213936759,0,0.00535699879715961,-2.27107845114198,0.00535699879715961,0,72,
,F04,SYBR,,Unkn,S_PF,,34.0257503690188,34.0257503690188,0,3.24125306357306E-05,-4.4892870597352,3.24125306357306E-05,0,72,
,F05,SYBR,,Unkn,L_NC,,24.6189022658777,24.6189022658777,0,0.00265900030600233,-2.57528161268907,0.00265900030600233,0,72,
,F06,SYBR,,Unkn,L_AV,,21.3095163269985,21.3095163269985,0,0.0125336353641349,-1.90192294420184,0.0125336353641349,0,72,
,F07,SYBR,,Unkn,L_TA,,21.8796495098679,21.8796495098679,0,0.00959560621101432,-2.01792758311903,0.00959560621101432,0,72,
,F08,SYBR,,Unkn,G_HC,,23.0922063585455,23.0922063585455,0,0.00543693624160107,-2.26464575989569,0.00543693624160107,0,72,
,F09,SYBR,,Unkn,G_DS,,25.0206045492975,25.0206045492975,0,0.00220284671181865,-2.65701572278909,0.00220284671181865,0,72,
,F10,SYBR,,Unkn,G_PF,,33.7297265587154,33.7297265587154,0,3.72344307082041E-05,-4.4290552818683,3.72344307082041E-05,0,72,
,F11,SYBR,,Unkn,,,NaN,0,0,NaN,NaN,0,0,72,
,F12,SYBR,,Unkn,,,NaN,0,0,NaN,NaN,0,0,72,
,G01,SYBR,16S,Std,Ana,,8.07398308459954,8.07398308459954,0,0.64,-0.193820026016113,0.64,0,72,
,G02,SYBR,,Unkn,S_HC,,36.6137005457917,36.6137005457917,0,9.64149434822169E-06,-5.01585564899235,9.64149434822169E-06,0,72,
,G03,SYBR,,Unkn,S_DS,,23.379497700757,23.379497700757,0,0.0047522497007555,-2.32310074799084,0.0047522497007555,0,72,
,G04,SYBR,,Unkn,S_PF,,28.4954627661807,28.4954627661807,0,0.000432471077915535,-3.36404293125509,0.000432471077915535,0,72,
,G05,SYBR,,Unkn,L_NC,,24.0049566911477,24.0049566911477,0,0.00354517359498972,-2.45036249404925,0.00354517359498972,0,72,
,G06,SYBR,,Unkn,L_AV,,24.2534606837253,24.2534606837253,0,0.00315554629004773,-2.50092544459241,0.00315554629004773,0,72,
,G07,SYBR,,Unkn,L_TA,,23.5229683118343,23.5229683118343,0,0.00444331780882242,-2.35229262268492,0.00444331780882242,0,72,
,G08,SYBR,,Unkn,G_HC,,23.5629196746385,23.5629196746385,0,0.00436092380585287,-2.36042150126208,0.00436092380585287,0,72,
,G09,SYBR,,Unkn,G_DS,,25.0216644995029,25.0216644995029,0,0.0022017530661479,-2.65723139018848,0.0022017530661479,0,72,
,G10,SYBR,,Unkn,G_PF,,24.2165939644893,24.2165939644893,0,0.00321052313292111,-2.49342419649541,0.00321052313292111,0,72,
,G11,SYBR,,Unkn,,,NaN,0,0,NaN,NaN,0,0,72,
,G12,SYBR,,Unkn,,,NaN,0,0,NaN,NaN,0,0,72,
,H01,SYBR,16S,Std,Ana,,14.5586516568224,14.5586516568224,0,1,0,1,0,72,
,H02,SYBR,,Unkn,S_HC,,40.4314146433653,40.4314146433653,0,1.61196821050844E-06,-5.79264352713198,1.61196821050844E-06,0,72,
,H03,SYBR,,Unkn,S_DS,,23.9601996801652,23.9601996801652,0,0.00362029688592597,-2.44125581327001,0.00362029688592597,0,72,
,H04,SYBR,,Unkn,S_PF,,30.9994594372041,30.9994594372041,0,0.000133804415833725,-3.873529553679,0.000133804415833725,0,72,
,H05,SYBR,,Unkn,L_NC,,NaN,0,0,NaN,NaN,0,0,72,
,H06,SYBR,,Unkn,L_AV,,19.3087006796626,19.3087006796626,0,0.0320023413218521,-1.49481824711872,0.0320023413218521,0,72,
,H07,SYBR,,Unkn,L_TA,,24.2055985459918,24.2055985459918,0,0.00322710454031073,-2.49118696563275,0.00322710454031073,0,72,
,H08,SYBR,,Unkn,G_HC,,25.1007010419576,25.1007010419576,0,0.00212171523278894,-2.67331290560312,0.00212171523278894,0,72,
,H09,SYBR,,Unkn,G_DS,,22.8216165860229,22.8216165860229,0,0.00617178758302572,-2.20958902964507,0.00617178758302572,0,72,
,H10,SYBR,,Unkn,G_PF,,25.0825779860647,25.0825779860647,0,0.00213980688785598,-2.66962541885774,0.00213980688785598,0,72,
,H11,SYBR,,Unkn,,,NaN,0,0,NaN,NaN,0,0,72,
,H12,SYBR,,Unkn,,,NaN,0,0,NaN,NaN,0,0,72,
